[{"model": "auth.user", "pk": 1, "fields": {"password": "pbkdf2_sha256$36000$Ti9LAam0VqiG$LRD19uayNAIGEU8rW+kz0l/7FGxtD/G8noLfbIjoF7M=", "last_login": "2017-12-03T20:43:02.265Z", "is_superuser": true, "username": "admin", "first_name": "", "last_name": "", "email": "robinzig@hotmail.com", "is_staff": true, "is_active": true, "date_joined": "2017-10-08T07:31:00.475Z", "groups": [], "user_permissions": []}}, {"model": "auth.user", "pk": 2, "fields": {"password": "pbkdf2_sha256$36000$2W7Tg72Ynycz$cbk5OR3z6e1yz60S6moWCyZyqxQw3R/IOq2wt7lOReg=", "last_login": "2017-11-15T01:26:30.979Z", "is_superuser": false, "username": "robinz", "first_name": "", "last_name": "", "email": "robinzig@hotmail.com", "is_staff": false, "is_active": true, "date_joined": "2017-10-08T19:45:23.143Z", "groups": [], "user_permissions": []}}, {"model": "auth.user", "pk": 11, "fields": {"password": "pbkdf2_sha256$36000$IUBrODUnjAsl$hAvUHvamDCGQp9wpcaVfKf/VfSkSLy/SmiIC1iy64/0=", "last_login": "2017-11-13T22:40:35.738Z", "is_superuser": false, "username": "someone", "first_name": "", "last_name": "", "email": "or@other.com", "is_staff": false, "is_active": true, "date_joined": "2017-10-09T20:53:21.836Z", "groups": [], "user_permissions": []}}, {"model": "auth.user", "pk": 12, "fields": {"password": "pbkdf2_sha256$36000$AfR3L5miRimT$7OUUNyxnb/LgTC9Zq/GuTQBDvbJRh6meaMnLXlV6IiA=", "last_login": "2017-10-23T23:05:44.215Z", "is_superuser": false, "username": "thing", "first_name": "", "last_name": "", "email": "thing@thing.com", "is_staff": false, "is_active": true, "date_joined": "2017-10-11T22:20:55.745Z", "groups": [], "user_permissions": []}}, {"model": "auth.user", "pk": 13, "fields": {"password": "pbkdf2_sha256$36000$Xzqb58mMAU1w$5Ia2IhPgnMFIJ9tWT5HSSa1awtntNvhmeZjW06WL1IQ=", "last_login": "2017-12-03T20:59:35.537Z", "is_superuser": false, "username": "lucy", "first_name": "", "last_name": "", "email": "lucy@mymail.com", "is_staff": false, "is_active": true, "date_joined": "2017-10-13T16:23:00.571Z", "groups": [], "user_permissions": []}}, {"model": "auth.user", "pk": 17, "fields": {"password": "pbkdf2_sha256$36000$ULeR2ckv0qR9$iZ1UFToam4R9wEzB71tfwTCihvZFzoH/SPkv8Bz2NPQ=", "last_login": "2017-11-26T20:13:43.189Z", "is_superuser": false, "username": "viola_joke", "first_name": "", "last_name": "", "email": "viola@viola.com", "is_staff": false, "is_active": true, "date_joined": "2017-10-16T23:38:32.431Z", "groups": [], "user_permissions": []}}, {"model": "auth.user", "pk": 18, "fields": {"password": "pbkdf2_sha256$36000$wCmYaY4oKrdH$TjEfj6F8vQt8vPeddzflzDgYAFLoaHPMX9skk0yMDcU=", "last_login": "2017-12-03T19:37:21.625Z", "is_superuser": false, "username": "another_welsh", "first_name": "", "last_name": "", "email": "test@wales.com", "is_staff": false, "is_active": true, "date_joined": "2017-10-19T23:06:13.389Z", "groups": [], "user_permissions": []}}, {"model": "auth.user", "pk": 19, "fields": {"password": "pbkdf2_sha256$36000$tW7FWsA4yTxF$VpMOUzA6vEGFD/etnaVKZ+MhH8l4NVuMQ/blQpU8EX0=", "last_login": "2017-11-29T01:07:28.013Z", "is_superuser": false, "username": "west_midland_guy", "first_name": "", "last_name": "", "email": "another@madeupaddress.com", "is_staff": false, "is_active": true, "date_joined": "2017-10-20T23:19:34.415Z", "groups": [], "user_permissions": []}}, {"model": "auth.user", "pk": 20, "fields": {"password": "pbkdf2_sha256$36000$MKIGsVD26Ya1$/DeFwatxqvxcNn0gmO+i1qDZhDpujiwUk+m3xVfrIqg=", "last_login": "2017-11-27T23:47:32.195Z", "is_superuser": false, "username": "middleman", "first_name": "", "last_name": "", "email": "fake@real.com", "is_staff": false, "is_active": true, "date_joined": "2017-10-20T23:57:32.519Z", "groups": [], "user_permissions": []}}, {"model": "auth.user", "pk": 21, "fields": {"password": "pbkdf2_sha256$36000$fyRhTT2CTUF5$95ZE12gMJmPbUq4Zc4/fs8ZeO3vOM8qc5n9TEvhXyro=", "last_login": "2017-12-03T19:43:10.843Z", "is_superuser": false, "username": "likes_everything", "first_name": "", "last_name": "", "email": "a@b.com", "is_staff": false, "is_active": true, "date_joined": "2017-10-21T12:37:56.685Z", "groups": [], "user_permissions": []}}, {"model": "auth.user", "pk": 22, "fields": {"password": "pbkdf2_sha256$36000$u4js5NA40YGq$+DKp3XOgFcw9yH6PjdAoq49HmHMqe6Ccidkf+TRQ8l4=", "last_login": "2017-11-23T20:03:14.684Z", "is_superuser": false, "username": "just_a_guy", "first_name": "", "last_name": "", "email": "random@random.com", "is_staff": false, "is_active": true, "date_joined": "2017-10-22T11:43:35.318Z", "groups": [], "user_permissions": []}}, {"model": "auth.user", "pk": 23, "fields": {"password": "pbkdf2_sha256$36000$A7cerXyAoJiW$Gtea2ieRELFr+WLzpTuCrMmwJbhPFWktF8aBfIqMfSs=", "last_login": "2017-12-02T23:15:11.839Z", "is_superuser": false, "username": "person", "first_name": "", "last_name": "", "email": "person@person.com", "is_staff": false, "is_active": true, "date_joined": "2017-10-25T22:10:49.219Z", "groups": [], "user_permissions": []}}, {"model": "auth.user", "pk": 24, "fields": {"password": "pbkdf2_sha256$36000$LeKut3Vfrpfc$Tb5oGsT19Ok27OS8Zk53UgxlLX4lLp0dJhxzsmmzb1E=", "last_login": "2017-12-01T21:32:39.507Z", "is_superuser": false, "username": "person_2", "first_name": "", "last_name": "", "email": "person@person.com", "is_staff": false, "is_active": true, "date_joined": "2017-10-25T22:16:15.720Z", "groups": [], "user_permissions": []}}, {"model": "auth.user", "pk": 25, "fields": {"password": "pbkdf2_sha256$36000$MLjd4Q7PMQQ9$L7WTdPzc8cO6xmE5KbjNWyaUA44jaJQsc7u+hrX3fys=", "last_login": "2017-12-03T16:22:31.772Z", "is_superuser": false, "username": "person_3", "first_name": "", "last_name": "", "email": "person@person.com", "is_staff": false, "is_active": true, "date_joined": "2017-10-25T22:23:08.036Z", "groups": [], "user_permissions": []}}, {"model": "auth.user", "pk": 26, "fields": {"password": "pbkdf2_sha256$36000$mG063vgTb67d$dqcjW7W5KOu6Ec+5dRBxdEtcTxbkRVLHniPHHK2kEGg=", "last_login": "2017-11-15T01:48:54.210Z", "is_superuser": false, "username": "person_4", "first_name": "", "last_name": "", "email": "person@person.com", "is_staff": false, "is_active": true, "date_joined": "2017-10-25T22:43:44.123Z", "groups": [], "user_permissions": []}}, {"model": "auth.user", "pk": 27, "fields": {"password": "pbkdf2_sha256$36000$weFNDHs2Vy08$LE6wrW8333/sWV/Y9qjrINhYGcg+4rxgaia6REE26qY=", "last_login": "2017-12-02T23:14:44.788Z", "is_superuser": false, "username": "person_5", "first_name": "", "last_name": "", "email": "person@person.com", "is_staff": false, "is_active": true, "date_joined": "2017-10-25T22:47:41.397Z", "groups": [], "user_permissions": []}}, {"model": "auth.user", "pk": 28, "fields": {"password": "pbkdf2_sha256$36000$90d6fzF2ekcu$ZWVNq1Ob3j6fGoBR80ZA9g8VsHibQDEDKMRJdD3lP+I=", "last_login": "2017-11-13T22:32:50.834Z", "is_superuser": false, "username": "person_6", "first_name": "", "last_name": "", "email": "person@person.com", "is_staff": false, "is_active": true, "date_joined": "2017-10-25T22:51:01.792Z", "groups": [], "user_permissions": []}}, {"model": "auth.user", "pk": 29, "fields": {"password": "pbkdf2_sha256$36000$dPd9hqygwgmL$XVg8RR7LF4aAAtROI6GMsGJyKt0DGA3ik5aEOurCnso=", "last_login": "2017-11-15T01:31:56.697Z", "is_superuser": false, "username": "person_7", "first_name": "", "last_name": "", "email": "person@person.com", "is_staff": false, "is_active": true, "date_joined": "2017-10-25T22:55:02.369Z", "groups": [], "user_permissions": []}}, {"model": "auth.user", "pk": 30, "fields": {"password": "pbkdf2_sha256$36000$wNs18ncgd8RR$4CRSDS3rVcuIQ3rBQZr7oXzwsQ0sqVaTrcxAn6IoNlg=", "last_login": "2017-11-26T22:16:55.811Z", "is_superuser": false, "username": "person_8", "first_name": "", "last_name": "", "email": "person@person.com", "is_staff": false, "is_active": true, "date_joined": "2017-10-25T22:59:04.706Z", "groups": [], "user_permissions": []}}, {"model": "auth.user", "pk": 31, "fields": {"password": "pbkdf2_sha256$36000$zan4gX3itAoh$xaLorIwPcOsM+b+cTf5AUBNfxsrGPfS3kRc6V6QPgDQ=", "last_login": "2017-11-15T01:28:31.911Z", "is_superuser": false, "username": "person_9", "first_name": "", "last_name": "", "email": "person@person.com", "is_staff": false, "is_active": true, "date_joined": "2017-10-25T23:02:52.555Z", "groups": [], "user_permissions": []}}, {"model": "auth.user", "pk": 32, "fields": {"password": "pbkdf2_sha256$36000$0b20YW8cMRiY$hs9mIJ2mP1hXA3l83U9c/xZsoOyxLXUggBpn+czTYPc=", "last_login": "2017-11-15T01:27:23.566Z", "is_superuser": false, "username": "person_10", "first_name": "", "last_name": "", "email": "person@person.com", "is_staff": false, "is_active": true, "date_joined": "2017-10-25T23:05:30.953Z", "groups": [], "user_permissions": []}}, {"model": "sessions.session", "pk": "h4zqa3c8wk354vxs5x1y6ikgnli0izos", "fields": {"session_data": "OWIxMWNhOWQ2ZmFmZDFhZDU3NjgxYjQ3NWU1MTkxMjJmM2NjMDhjZDp7Il9hdXRoX3VzZXJfaGFzaCI6ImE3ZWZiMTZlNzQwNzUwMzU2NDI3NGI3OGJiZjdhNDkwMzMyMDRiYjUiLCJfYXV0aF91c2VyX2JhY2tlbmQiOiJkamFuZ28uY29udHJpYi5hdXRoLmJhY2tlbmRzLk1vZGVsQmFja2VuZCIsIl9hdXRoX3VzZXJfaWQiOiIxMyJ9", "expire_date": "2017-12-17T20:59:35.541Z"}}, {"model": "accounts.distance", "pk": 2, "fields": {"distance": 5}}, {"model": "accounts.distance", "pk": 3, "fields": {"distance": 10}}, {"model": "accounts.distance", "pk": 4, "fields": {"distance": 20}}, {"model": "accounts.distance", "pk": 5, "fields": {"distance": 30}}, {"model": "accounts.distance", "pk": 6, "fields": {"distance": 50}}, {"model": "accounts.profile", "pk": 5, "fields": {"user": 11, "description": "Another fake user for testing purposes. Mainly I was testing the Google Map widget for location selection, which might explain why I am in deepest Kazakhstan and therefore no-one is likely to find me...", "location": "SRID=4326;POINT (58.15994739532471 48.82336693032094)", "max_distance": 6}}, {"model": "accounts.profile", "pk": 6, "fields": {"user": 13, "description": "One of the first take users that was set up for testing purposes. There is no particular reason for either my name or my location! (But it would still be nice if any real users messaged me to say hi - I might not respond quickly but I likely will at some point!)", "location": "SRID=4326;POINT (-3.922805786132813 51.62995247363852)", "max_distance": 6}}, {"model": "accounts.profile", "pk": 30, "fields": {"user": 2, "description": "The real identity of the site's developer - who sadly doesn't have time to play chamber music these days but would very much appreciate other users saying hi!", "location": "SRID=4326;POINT (-1.592616799999973 54.76880360000001)", "max_distance": 5}}, {"model": "accounts.profile", "pk": 42, "fields": {"user": 17, "description": "Loads of musicians (well, violinists) make jokes about viola players - hence the name. I am just another fake account for testing purposes though.", "location": "SRID=4326;POINT (-1.000157420898404 51.52297439211342)", "max_distance": 6}}, {"model": "accounts.profile", "pk": 71, "fields": {"user": 18, "description": "I was the first user added to test the matching facility. I'm close to another user who was randomly located in Wales - hence the name :)", "location": "SRID=4326;POINT (-3.723506927490234 51.62569000377445)", "max_distance": 6}}, {"model": "accounts.profile", "pk": 72, "fields": {"user": 19, "description": "I'm fake, just like loads of the other users. But please message me to say hi if you're close!", "location": "SRID=4326;POINT (-2.055130004882813 51.47603731453172)", "max_distance": 6}}, {"model": "accounts.profile", "pk": 74, "fields": {"user": 20, "description": "Another fake user, set up to be close to a few others", "location": "SRID=4326;POINT (-2.798080444335938 51.60501134322061)", "max_distance": 6}}, {"model": "accounts.profile", "pk": 80, "fields": {"user": 21, "description": "I'm just another fake user set up to test the site. I should match with loads of people so I'm good for testing that!", "location": "SRID=4326;POINT (-1.937456130981445 51.72266847585274)", "max_distance": 5}}, {"model": "accounts.profile", "pk": 85, "fields": {"user": 22, "description": "a \"fake\" user set up to test the site", "location": "SRID=4326;POINT (-1.877975463867188 51.95823052624468)", "max_distance": 5}}, {"model": "accounts.profile", "pk": 89, "fields": {"user": 12, "description": "a \"fake\" user set up to test the site", "location": "SRID=4326;POINT (-1.26068115234375 51.76783988732215)", "max_distance": 4}}, {"model": "accounts.profile", "pk": 92, "fields": {"user": 23, "description": "a \"fake\" user set up to test the site", "location": "SRID=4326;POINT (-1.449508666992188 51.77102675101839)", "max_distance": 6}}, {"model": "accounts.profile", "pk": 93, "fields": {"user": 24, "description": "a \"fake\" user set up to test the site", "location": "SRID=4326;POINT (-1.446762084960938 52.06346750521125)", "max_distance": 6}}, {"model": "accounts.profile", "pk": 94, "fields": {"user": 25, "description": "a \"fake\" user set up to test the site", "location": "SRID=4326;POINT (-1.748199462890625 52.13938836186958)", "max_distance": 5}}, {"model": "accounts.profile", "pk": 95, "fields": {"user": 26, "description": "a \"fake\" user set up to test the site", "location": "SRID=4326;POINT (-1.087646484375 52.29987143823677)", "max_distance": 5}}, {"model": "accounts.profile", "pk": 96, "fields": {"user": 27, "description": "a \"fake\" user set up to test the site", "location": "SRID=4326;POINT (-1.371917724609375 52.62931209639509)", "max_distance": 5}}, {"model": "accounts.profile", "pk": 97, "fields": {"user": 28, "description": "a \"fake\" user set up to test the site", "location": "SRID=4326;POINT (-0.6639862060546875 52.9122147607787)", "max_distance": 6}}, {"model": "accounts.profile", "pk": 98, "fields": {"user": 29, "description": "a \"fake\" user set up to test the site", "location": "SRID=4326;POINT (-1.212615966796875 53.15397670713129)", "max_distance": 6}}, {"model": "accounts.profile", "pk": 99, "fields": {"user": 30, "description": "a \"fake\" user set up to test the site", "location": "SRID=4326;POINT (-1.371231079101563 53.39029024207508)", "max_distance": 6}}, {"model": "accounts.profile", "pk": 100, "fields": {"user": 31, "description": "a \"fake\" user set up to test the site", "location": "SRID=4326;POINT (-1.367454528808594 53.82335438174395)", "max_distance": 6}}, {"model": "accounts.profile", "pk": 101, "fields": {"user": 32, "description": "a \"fake\" user set up to test the site", "location": "SRID=4326;POINT (-1.62322998046875 54.4109386370237)", "max_distance": 6}}, {"model": "accounts.instrument", "pk": 1, "fields": {"instrument": "piano"}}, {"model": "accounts.instrument", "pk": 2, "fields": {"instrument": "violin"}}, {"model": "accounts.instrument", "pk": 3, "fields": {"instrument": "viola"}}, {"model": "accounts.instrument", "pk": 4, "fields": {"instrument": "cello"}}, {"model": "accounts.instrument", "pk": 5, "fields": {"instrument": "flute"}}, {"model": "accounts.instrument", "pk": 6, "fields": {"instrument": "oboe"}}, {"model": "accounts.instrument", "pk": 7, "fields": {"instrument": "clarinet"}}, {"model": "accounts.instrument", "pk": 8, "fields": {"instrument": "bassoon"}}, {"model": "accounts.instrument", "pk": 9, "fields": {"instrument": "horn"}}, {"model": "accounts.standard", "pk": 1, "fields": {"standard": "professional"}}, {"model": "accounts.standard", "pk": 2, "fields": {"standard": "amateur of near-professional standard"}}, {"model": "accounts.standard", "pk": 3, "fields": {"standard": "good (ABRSM grade 8+)"}}, {"model": "accounts.standard", "pk": 4, "fields": {"standard": "intermediate (ABRSM grade 5-7)"}}, {"model": "accounts.standard", "pk": 5, "fields": {"standard": "beginner (ABRSM grade 4 or less)"}}, {"model": "accounts.userinstrument", "pk": 6, "fields": {"user": 13, "instrument": 6, "standard": 5, "desired_instruments": [1], "accepted_standards": [4, 5]}}, {"model": "accounts.userinstrument", "pk": 8, "fields": {"user": 2, "instrument": 1, "standard": 2, "desired_instruments": [2, 3, 4], "accepted_standards": [2, 3]}}, {"model": "accounts.userinstrument", "pk": 10, "fields": {"user": 17, "instrument": 3, "standard": 3, "desired_instruments": [2, 4, 1, 3, 5, 6, 7, 8, 9], "accepted_standards": [1, 2, 3, 4, 5]}}, {"model": "accounts.userinstrument", "pk": 11, "fields": {"user": 13, "instrument": 7, "standard": 3, "desired_instruments": [1, 2, 3, 4], "accepted_standards": [3, 4]}}, {"model": "accounts.userinstrument", "pk": 15, "fields": {"user": 11, "instrument": 8, "standard": 1, "desired_instruments": [9, 5, 6, 7], "accepted_standards": [1]}}, {"model": "accounts.userinstrument", "pk": 19, "fields": {"user": 18, "instrument": 4, "standard": 3, "desired_instruments": [2, 3, 4, 6], "accepted_standards": [1, 2, 3, 4, 5]}}, {"model": "accounts.userinstrument", "pk": 20, "fields": {"user": 19, "instrument": 1, "standard": 3, "desired_instruments": [1, 2, 3, 4, 5, 6, 7, 8, 9], "accepted_standards": [1, 2, 3, 4, 5]}}, {"model": "accounts.userinstrument", "pk": 21, "fields": {"user": 19, "instrument": 5, "standard": 3, "desired_instruments": [1, 2, 3, 4, 5, 6, 7, 8, 9], "accepted_standards": [1, 2, 3, 4, 5]}}, {"model": "accounts.userinstrument", "pk": 22, "fields": {"user": 20, "instrument": 6, "standard": 3, "desired_instruments": [1, 2, 3, 4, 5, 6, 7, 8, 9], "accepted_standards": [1, 2, 3, 4, 5]}}, {"model": "accounts.userinstrument", "pk": 23, "fields": {"user": 21, "instrument": 1, "standard": 1, "desired_instruments": [1, 2, 3, 4, 5, 6, 7, 8, 9], "accepted_standards": [1, 2, 3, 4, 5]}}, {"model": "accounts.userinstrument", "pk": 24, "fields": {"user": 21, "instrument": 2, "standard": 2, "desired_instruments": [1, 2, 3, 4, 5, 6, 7, 8, 9], "accepted_standards": [1, 2, 3, 4, 5]}}, {"model": "accounts.userinstrument", "pk": 25, "fields": {"user": 21, "instrument": 3, "standard": 3, "desired_instruments": [1, 2, 3, 4, 5, 6, 7, 8, 9], "accepted_standards": [1, 2, 3, 4, 5]}}, {"model": "accounts.userinstrument", "pk": 26, "fields": {"user": 21, "instrument": 4, "standard": 4, "desired_instruments": [1, 2, 3, 4, 5, 6, 7, 8, 9], "accepted_standards": [1, 2, 3, 4, 5]}}, {"model": "accounts.userinstrument", "pk": 27, "fields": {"user": 21, "instrument": 5, "standard": 5, "desired_instruments": [1, 2, 3, 4, 5, 6, 7, 8, 9], "accepted_standards": [1, 2, 3, 4, 5]}}, {"model": "accounts.userinstrument", "pk": 28, "fields": {"user": 21, "instrument": 6, "standard": 1, "desired_instruments": [1, 2, 3, 4, 5, 6, 7, 8, 9], "accepted_standards": [1, 2, 3, 4, 5]}}, {"model": "accounts.userinstrument", "pk": 29, "fields": {"user": 21, "instrument": 7, "standard": 2, "desired_instruments": [1, 2, 3, 4, 5, 6, 7, 8, 9], "accepted_standards": [1, 2, 3, 4, 5]}}, {"model": "accounts.userinstrument", "pk": 30, "fields": {"user": 21, "instrument": 8, "standard": 3, "desired_instruments": [1, 2, 3, 4, 5, 6, 7, 8, 9], "accepted_standards": [1, 2, 3, 4, 5]}}, {"model": "accounts.userinstrument", "pk": 31, "fields": {"user": 21, "instrument": 9, "standard": 4, "desired_instruments": [1, 2, 3, 4, 5, 6, 7, 8, 9], "accepted_standards": [1, 2, 3, 4, 5]}}, {"model": "accounts.userinstrument", "pk": 32, "fields": {"user": 22, "instrument": 4, "standard": 3, "desired_instruments": [1, 2, 3], "accepted_standards": [3, 4]}}, {"model": "accounts.userinstrument", "pk": 33, "fields": {"user": 13, "instrument": 1, "standard": 5, "desired_instruments": [2], "accepted_standards": [3, 4, 5]}}, {"model": "accounts.userinstrument", "pk": 34, "fields": {"user": 12, "instrument": 3, "standard": 2, "desired_instruments": [2, 4], "accepted_standards": [1, 2, 3]}}, {"model": "accounts.userinstrument", "pk": 35, "fields": {"user": 12, "instrument": 2, "standard": 3, "desired_instruments": [1, 4], "accepted_standards": [3, 4, 5]}}, {"model": "accounts.userinstrument", "pk": 37, "fields": {"user": 23, "instrument": 9, "standard": 4, "desired_instruments": [8, 5, 6, 7], "accepted_standards": [3, 4, 5]}}, {"model": "accounts.userinstrument", "pk": 38, "fields": {"user": 23, "instrument": 1, "standard": 2, "desired_instruments": [2, 4], "accepted_standards": [1, 2]}}, {"model": "accounts.userinstrument", "pk": 39, "fields": {"user": 24, "instrument": 3, "standard": 5, "desired_instruments": [2, 4], "accepted_standards": [3, 4, 5]}}, {"model": "accounts.userinstrument", "pk": 40, "fields": {"user": 24, "instrument": 5, "standard": 4, "desired_instruments": [8, 1, 7, 6, 9], "accepted_standards": [2, 3, 4, 5]}}, {"model": "accounts.userinstrument", "pk": 41, "fields": {"user": 24, "instrument": 4, "standard": 3, "desired_instruments": [1, 2], "accepted_standards": [1]}}, {"model": "accounts.userinstrument", "pk": 42, "fields": {"user": 25, "instrument": 4, "standard": 4, "desired_instruments": [1, 2, 3], "accepted_standards": [2, 3, 4]}}, {"model": "accounts.userinstrument", "pk": 43, "fields": {"user": 25, "instrument": 7, "standard": 4, "desired_instruments": [1, 6], "accepted_standards": [1, 2, 3, 4, 5]}}, {"model": "accounts.userinstrument", "pk": 44, "fields": {"user": 26, "instrument": 1, "standard": 2, "desired_instruments": [2, 3, 4, 5, 6, 7, 8, 9], "accepted_standards": [1, 2, 3, 4]}}, {"model": "accounts.userinstrument", "pk": 45, "fields": {"user": 27, "instrument": 9, "standard": 3, "desired_instruments": [1, 2], "accepted_standards": [1, 2, 3, 4, 5]}}, {"model": "accounts.userinstrument", "pk": 46, "fields": {"user": 28, "instrument": 1, "standard": 1, "desired_instruments": [1, 2, 3, 4, 5, 6, 7, 8, 9], "accepted_standards": [1, 2, 3, 4, 5]}}, {"model": "accounts.userinstrument", "pk": 47, "fields": {"user": 29, "instrument": 5, "standard": 2, "desired_instruments": [8, 9, 6, 7, 1], "accepted_standards": [2, 3, 4, 5]}}, {"model": "accounts.userinstrument", "pk": 48, "fields": {"user": 30, "instrument": 3, "standard": 2, "desired_instruments": [1, 2, 4, 5, 6, 7, 8, 9], "accepted_standards": [1, 2, 3, 4, 5]}}, {"model": "accounts.userinstrument", "pk": 50, "fields": {"user": 31, "instrument": 1, "standard": 5, "desired_instruments": [1, 2, 3, 4, 5, 6, 7, 8, 9], "accepted_standards": [3, 4, 5]}}, {"model": "accounts.userinstrument", "pk": 51, "fields": {"user": 32, "instrument": 2, "standard": 3, "desired_instruments": [1, 2, 3, 4, 5], "accepted_standards": [1, 2, 3, 4, 5]}}, {"model": "accounts.userinstrument", "pk": 54, "fields": {"user": 2, "instrument": 2, "standard": 4, "desired_instruments": [2, 3, 4], "accepted_standards": [2, 3, 4]}}, {"model": "accounts.userinstrument", "pk": 55, "fields": {"user": 28, "instrument": 5, "standard": 5, "desired_instruments": [1], "accepted_standards": [3, 4, 5]}}, {"model": "accounts.userinstrument", "pk": 56, "fields": {"user": 30, "instrument": 1, "standard": 4, "desired_instruments": [2, 4], "accepted_standards": [1, 2, 3, 4, 5]}}, {"model": "accounts.userinstrument", "pk": 57, "fields": {"user": 32, "instrument": 9, "standard": 3, "desired_instruments": [1, 2], "accepted_standards": [1, 2, 3, 4, 5]}}, {"model": "accounts.userinstrument", "pk": 58, "fields": {"user": 19, "instrument": 4, "standard": 3, "desired_instruments": [1, 2, 3], "accepted_standards": [2, 3, 4]}}, {"model": "accounts.userinstrument", "pk": 59, "fields": {"user": 19, "instrument": 2, "standard": 5, "desired_instruments": [1, 3, 4, 6], "accepted_standards": [1, 2, 3, 4, 5]}}, {"model": "accounts.match", "pk": 1817, "fields": {"requesting_user": 21, "found_user": 23, "requesting_instrument": 23, "found_instrument": 37, "known": true, "mark_new": false}}, {"model": "accounts.match", "pk": 1818, "fields": {"requesting_user": 21, "found_user": 23, "requesting_instrument": 24, "found_instrument": 37, "known": true, "mark_new": false}}, {"model": "accounts.match", "pk": 1819, "fields": {"requesting_user": 21, "found_user": 23, "requesting_instrument": 25, "found_instrument": 37, "known": true, "mark_new": false}}, {"model": "accounts.match", "pk": 1820, "fields": {"requesting_user": 21, "found_user": 23, "requesting_instrument": 26, "found_instrument": 37, "known": true, "mark_new": false}}, {"model": "accounts.match", "pk": 1821, "fields": {"requesting_user": 21, "found_user": 23, "requesting_instrument": 27, "found_instrument": 37, "known": true, "mark_new": false}}, {"model": "accounts.match", "pk": 1822, "fields": {"requesting_user": 21, "found_user": 23, "requesting_instrument": 28, "found_instrument": 37, "known": true, "mark_new": false}}, {"model": "accounts.match", "pk": 1823, "fields": {"requesting_user": 21, "found_user": 23, "requesting_instrument": 29, "found_instrument": 37, "known": true, "mark_new": false}}, {"model": "accounts.match", "pk": 1824, "fields": {"requesting_user": 21, "found_user": 23, "requesting_instrument": 30, "found_instrument": 37, "known": true, "mark_new": false}}, {"model": "accounts.match", "pk": 1825, "fields": {"requesting_user": 21, "found_user": 23, "requesting_instrument": 31, "found_instrument": 37, "known": true, "mark_new": false}}, {"model": "accounts.match", "pk": 1826, "fields": {"requesting_user": 21, "found_user": 23, "requesting_instrument": 23, "found_instrument": 38, "known": true, "mark_new": false}}, {"model": "accounts.match", "pk": 1827, "fields": {"requesting_user": 21, "found_user": 23, "requesting_instrument": 24, "found_instrument": 38, "known": true, "mark_new": false}}, {"model": "accounts.match", "pk": 1828, "fields": {"requesting_user": 21, "found_user": 23, "requesting_instrument": 25, "found_instrument": 38, "known": true, "mark_new": false}}, {"model": "accounts.match", "pk": 1829, "fields": {"requesting_user": 21, "found_user": 23, "requesting_instrument": 26, "found_instrument": 38, "known": true, "mark_new": false}}, {"model": "accounts.match", "pk": 1830, "fields": {"requesting_user": 21, "found_user": 23, "requesting_instrument": 27, "found_instrument": 38, "known": true, "mark_new": false}}, {"model": "accounts.match", "pk": 1831, "fields": {"requesting_user": 21, "found_user": 23, "requesting_instrument": 28, "found_instrument": 38, "known": true, "mark_new": false}}, {"model": "accounts.match", "pk": 1832, "fields": {"requesting_user": 21, "found_user": 23, "requesting_instrument": 29, "found_instrument": 38, "known": true, "mark_new": false}}, {"model": "accounts.match", "pk": 1833, "fields": {"requesting_user": 21, "found_user": 23, "requesting_instrument": 30, "found_instrument": 38, "known": true, "mark_new": false}}, {"model": "accounts.match", "pk": 1834, "fields": {"requesting_user": 21, "found_user": 23, "requesting_instrument": 31, "found_instrument": 38, "known": true, "mark_new": false}}, {"model": "accounts.match", "pk": 1862, "fields": {"requesting_user": 21, "found_user": 25, "requesting_instrument": 23, "found_instrument": 42, "known": true, "mark_new": false}}, {"model": "accounts.match", "pk": 1863, "fields": {"requesting_user": 21, "found_user": 25, "requesting_instrument": 24, "found_instrument": 42, "known": true, "mark_new": false}}, {"model": "accounts.match", "pk": 1864, "fields": {"requesting_user": 21, "found_user": 25, "requesting_instrument": 25, "found_instrument": 42, "known": true, "mark_new": false}}, {"model": "accounts.match", "pk": 1865, "fields": {"requesting_user": 21, "found_user": 25, "requesting_instrument": 26, "found_instrument": 42, "known": true, "mark_new": false}}, {"model": "accounts.match", "pk": 1866, "fields": {"requesting_user": 21, "found_user": 25, "requesting_instrument": 27, "found_instrument": 42, "known": true, "mark_new": false}}, {"model": "accounts.match", "pk": 1867, "fields": {"requesting_user": 21, "found_user": 25, "requesting_instrument": 28, "found_instrument": 42, "known": true, "mark_new": false}}, {"model": "accounts.match", "pk": 1868, "fields": {"requesting_user": 21, "found_user": 25, "requesting_instrument": 29, "found_instrument": 42, "known": true, "mark_new": false}}, {"model": "accounts.match", "pk": 1869, "fields": {"requesting_user": 21, "found_user": 25, "requesting_instrument": 30, "found_instrument": 42, "known": true, "mark_new": false}}, {"model": "accounts.match", "pk": 1870, "fields": {"requesting_user": 21, "found_user": 25, "requesting_instrument": 31, "found_instrument": 42, "known": true, "mark_new": false}}, {"model": "accounts.match", "pk": 1871, "fields": {"requesting_user": 21, "found_user": 25, "requesting_instrument": 23, "found_instrument": 43, "known": true, "mark_new": false}}, {"model": "accounts.match", "pk": 1872, "fields": {"requesting_user": 21, "found_user": 25, "requesting_instrument": 24, "found_instrument": 43, "known": true, "mark_new": false}}, {"model": "accounts.match", "pk": 1873, "fields": {"requesting_user": 21, "found_user": 25, "requesting_instrument": 25, "found_instrument": 43, "known": true, "mark_new": false}}, {"model": "accounts.match", "pk": 1874, "fields": {"requesting_user": 21, "found_user": 25, "requesting_instrument": 26, "found_instrument": 43, "known": true, "mark_new": false}}, {"model": "accounts.match", "pk": 1875, "fields": {"requesting_user": 21, "found_user": 25, "requesting_instrument": 27, "found_instrument": 43, "known": true, "mark_new": false}}, {"model": "accounts.match", "pk": 1876, "fields": {"requesting_user": 21, "found_user": 25, "requesting_instrument": 28, "found_instrument": 43, "known": true, "mark_new": false}}, {"model": "accounts.match", "pk": 1877, "fields": {"requesting_user": 21, "found_user": 25, "requesting_instrument": 29, "found_instrument": 43, "known": true, "mark_new": false}}, {"model": "accounts.match", "pk": 1878, "fields": {"requesting_user": 21, "found_user": 25, "requesting_instrument": 30, "found_instrument": 43, "known": true, "mark_new": false}}, {"model": "accounts.match", "pk": 1879, "fields": {"requesting_user": 21, "found_user": 25, "requesting_instrument": 31, "found_instrument": 43, "known": true, "mark_new": false}}, {"model": "accounts.match", "pk": 1898, "fields": {"requesting_user": 21, "found_user": 19, "requesting_instrument": 23, "found_instrument": 20, "known": true, "mark_new": false}}, {"model": "accounts.match", "pk": 1899, "fields": {"requesting_user": 21, "found_user": 19, "requesting_instrument": 24, "found_instrument": 20, "known": true, "mark_new": false}}, {"model": "accounts.match", "pk": 1900, "fields": {"requesting_user": 21, "found_user": 19, "requesting_instrument": 25, "found_instrument": 20, "known": true, "mark_new": false}}, {"model": "accounts.match", "pk": 1901, "fields": {"requesting_user": 21, "found_user": 19, "requesting_instrument": 26, "found_instrument": 20, "known": true, "mark_new": false}}, {"model": "accounts.match", "pk": 1902, "fields": {"requesting_user": 21, "found_user": 19, "requesting_instrument": 27, "found_instrument": 20, "known": true, "mark_new": false}}, {"model": "accounts.match", "pk": 1903, "fields": {"requesting_user": 21, "found_user": 19, "requesting_instrument": 28, "found_instrument": 20, "known": true, "mark_new": false}}, {"model": "accounts.match", "pk": 1904, "fields": {"requesting_user": 21, "found_user": 19, "requesting_instrument": 29, "found_instrument": 20, "known": true, "mark_new": false}}, {"model": "accounts.match", "pk": 1905, "fields": {"requesting_user": 21, "found_user": 19, "requesting_instrument": 30, "found_instrument": 20, "known": true, "mark_new": false}}, {"model": "accounts.match", "pk": 1906, "fields": {"requesting_user": 21, "found_user": 19, "requesting_instrument": 31, "found_instrument": 20, "known": true, "mark_new": false}}, {"model": "accounts.match", "pk": 1907, "fields": {"requesting_user": 21, "found_user": 19, "requesting_instrument": 23, "found_instrument": 21, "known": true, "mark_new": false}}, {"model": "accounts.match", "pk": 1908, "fields": {"requesting_user": 21, "found_user": 19, "requesting_instrument": 24, "found_instrument": 21, "known": true, "mark_new": false}}, {"model": "accounts.match", "pk": 1909, "fields": {"requesting_user": 21, "found_user": 19, "requesting_instrument": 25, "found_instrument": 21, "known": true, "mark_new": false}}, {"model": "accounts.match", "pk": 1910, "fields": {"requesting_user": 21, "found_user": 19, "requesting_instrument": 26, "found_instrument": 21, "known": true, "mark_new": false}}, {"model": "accounts.match", "pk": 1911, "fields": {"requesting_user": 21, "found_user": 19, "requesting_instrument": 27, "found_instrument": 21, "known": true, "mark_new": false}}, {"model": "accounts.match", "pk": 1912, "fields": {"requesting_user": 21, "found_user": 19, "requesting_instrument": 28, "found_instrument": 21, "known": true, "mark_new": false}}, {"model": "accounts.match", "pk": 1913, "fields": {"requesting_user": 21, "found_user": 19, "requesting_instrument": 29, "found_instrument": 21, "known": true, "mark_new": false}}, {"model": "accounts.match", "pk": 1914, "fields": {"requesting_user": 21, "found_user": 19, "requesting_instrument": 30, "found_instrument": 21, "known": true, "mark_new": false}}, {"model": "accounts.match", "pk": 1915, "fields": {"requesting_user": 21, "found_user": 19, "requesting_instrument": 31, "found_instrument": 21, "known": true, "mark_new": false}}, {"model": "accounts.match", "pk": 1916, "fields": {"requesting_user": 21, "found_user": 12, "requesting_instrument": 23, "found_instrument": 34, "known": true, "mark_new": false}}, {"model": "accounts.match", "pk": 1917, "fields": {"requesting_user": 21, "found_user": 12, "requesting_instrument": 24, "found_instrument": 34, "known": true, "mark_new": false}}, {"model": "accounts.match", "pk": 1918, "fields": {"requesting_user": 21, "found_user": 12, "requesting_instrument": 25, "found_instrument": 34, "known": true, "mark_new": false}}, {"model": "accounts.match", "pk": 1919, "fields": {"requesting_user": 21, "found_user": 12, "requesting_instrument": 26, "found_instrument": 34, "known": true, "mark_new": false}}, {"model": "accounts.match", "pk": 1920, "fields": {"requesting_user": 21, "found_user": 12, "requesting_instrument": 27, "found_instrument": 34, "known": true, "mark_new": false}}, {"model": "accounts.match", "pk": 1921, "fields": {"requesting_user": 21, "found_user": 12, "requesting_instrument": 28, "found_instrument": 34, "known": true, "mark_new": false}}, {"model": "accounts.match", "pk": 1922, "fields": {"requesting_user": 21, "found_user": 12, "requesting_instrument": 29, "found_instrument": 34, "known": true, "mark_new": false}}, {"model": "accounts.match", "pk": 1923, "fields": {"requesting_user": 21, "found_user": 12, "requesting_instrument": 30, "found_instrument": 34, "known": true, "mark_new": false}}, {"model": "accounts.match", "pk": 1924, "fields": {"requesting_user": 21, "found_user": 12, "requesting_instrument": 31, "found_instrument": 34, "known": true, "mark_new": false}}, {"model": "accounts.match", "pk": 1925, "fields": {"requesting_user": 21, "found_user": 12, "requesting_instrument": 23, "found_instrument": 35, "known": true, "mark_new": false}}, {"model": "accounts.match", "pk": 1926, "fields": {"requesting_user": 21, "found_user": 12, "requesting_instrument": 24, "found_instrument": 35, "known": true, "mark_new": false}}, {"model": "accounts.match", "pk": 1927, "fields": {"requesting_user": 21, "found_user": 12, "requesting_instrument": 25, "found_instrument": 35, "known": true, "mark_new": false}}, {"model": "accounts.match", "pk": 1928, "fields": {"requesting_user": 21, "found_user": 12, "requesting_instrument": 26, "found_instrument": 35, "known": true, "mark_new": false}}, {"model": "accounts.match", "pk": 1929, "fields": {"requesting_user": 21, "found_user": 12, "requesting_instrument": 27, "found_instrument": 35, "known": true, "mark_new": false}}, {"model": "accounts.match", "pk": 1930, "fields": {"requesting_user": 21, "found_user": 12, "requesting_instrument": 28, "found_instrument": 35, "known": true, "mark_new": false}}, {"model": "accounts.match", "pk": 1931, "fields": {"requesting_user": 21, "found_user": 12, "requesting_instrument": 29, "found_instrument": 35, "known": true, "mark_new": false}}, {"model": "accounts.match", "pk": 1932, "fields": {"requesting_user": 21, "found_user": 12, "requesting_instrument": 30, "found_instrument": 35, "known": true, "mark_new": false}}, {"model": "accounts.match", "pk": 1933, "fields": {"requesting_user": 21, "found_user": 12, "requesting_instrument": 31, "found_instrument": 35, "known": true, "mark_new": false}}, {"model": "accounts.match", "pk": 1940, "fields": {"requesting_user": 21, "found_user": 22, "requesting_instrument": 29, "found_instrument": 32, "known": true, "mark_new": false}}, {"model": "accounts.match", "pk": 1941, "fields": {"requesting_user": 21, "found_user": 22, "requesting_instrument": 30, "found_instrument": 32, "known": true, "mark_new": false}}, {"model": "accounts.match", "pk": 1942, "fields": {"requesting_user": 21, "found_user": 22, "requesting_instrument": 31, "found_instrument": 32, "known": true, "mark_new": false}}, {"model": "accounts.match", "pk": 1943, "fields": {"requesting_user": 23, "found_user": 21, "requesting_instrument": 38, "found_instrument": 24, "known": true, "mark_new": false}}, {"model": "accounts.match", "pk": 1944, "fields": {"requesting_user": 23, "found_user": 21, "requesting_instrument": 37, "found_instrument": 27, "known": true, "mark_new": false}}, {"model": "accounts.match", "pk": 1945, "fields": {"requesting_user": 23, "found_user": 21, "requesting_instrument": 37, "found_instrument": 30, "known": true, "mark_new": false}}, {"model": "accounts.match", "pk": 1951, "fields": {"requesting_user": 25, "found_user": 21, "requesting_instrument": 43, "found_instrument": 23, "known": true, "mark_new": false}}, {"model": "accounts.match", "pk": 1952, "fields": {"requesting_user": 25, "found_user": 21, "requesting_instrument": 42, "found_instrument": 24, "known": true, "mark_new": false}}, {"model": "accounts.match", "pk": 1953, "fields": {"requesting_user": 25, "found_user": 21, "requesting_instrument": 42, "found_instrument": 25, "known": true, "mark_new": false}}, {"model": "accounts.match", "pk": 1954, "fields": {"requesting_user": 25, "found_user": 21, "requesting_instrument": 43, "found_instrument": 28, "known": true, "mark_new": false}}, {"model": "accounts.match", "pk": 1955, "fields": {"requesting_user": 20, "found_user": 21, "requesting_instrument": 22, "found_instrument": 23, "known": true, "mark_new": false}}, {"model": "accounts.match", "pk": 1956, "fields": {"requesting_user": 20, "found_user": 21, "requesting_instrument": 22, "found_instrument": 24, "known": true, "mark_new": false}}, {"model": "accounts.match", "pk": 1957, "fields": {"requesting_user": 20, "found_user": 21, "requesting_instrument": 22, "found_instrument": 25, "known": true, "mark_new": false}}, {"model": "accounts.match", "pk": 1958, "fields": {"requesting_user": 20, "found_user": 21, "requesting_instrument": 22, "found_instrument": 26, "known": true, "mark_new": false}}, {"model": "accounts.match", "pk": 1959, "fields": {"requesting_user": 20, "found_user": 21, "requesting_instrument": 22, "found_instrument": 27, "known": true, "mark_new": false}}, {"model": "accounts.match", "pk": 1960, "fields": {"requesting_user": 20, "found_user": 21, "requesting_instrument": 22, "found_instrument": 28, "known": true, "mark_new": false}}, {"model": "accounts.match", "pk": 1961, "fields": {"requesting_user": 20, "found_user": 21, "requesting_instrument": 22, "found_instrument": 29, "known": true, "mark_new": false}}, {"model": "accounts.match", "pk": 1962, "fields": {"requesting_user": 20, "found_user": 21, "requesting_instrument": 22, "found_instrument": 30, "known": true, "mark_new": false}}, {"model": "accounts.match", "pk": 1963, "fields": {"requesting_user": 20, "found_user": 21, "requesting_instrument": 22, "found_instrument": 31, "known": true, "mark_new": false}}, {"model": "accounts.match", "pk": 1964, "fields": {"requesting_user": 17, "found_user": 21, "requesting_instrument": 10, "found_instrument": 24, "known": true, "mark_new": false}}, {"model": "accounts.match", "pk": 1965, "fields": {"requesting_user": 19, "found_user": 21, "requesting_instrument": 20, "found_instrument": 23, "known": true, "mark_new": false}}, {"model": "accounts.match", "pk": 1966, "fields": {"requesting_user": 19, "found_user": 21, "requesting_instrument": 21, "found_instrument": 23, "known": true, "mark_new": false}}, {"model": "accounts.match", "pk": 1967, "fields": {"requesting_user": 19, "found_user": 21, "requesting_instrument": 20, "found_instrument": 24, "known": true, "mark_new": false}}, {"model": "accounts.match", "pk": 1968, "fields": {"requesting_user": 19, "found_user": 21, "requesting_instrument": 21, "found_instrument": 24, "known": true, "mark_new": false}}, {"model": "accounts.match", "pk": 1969, "fields": {"requesting_user": 19, "found_user": 21, "requesting_instrument": 20, "found_instrument": 25, "known": true, "mark_new": false}}, {"model": "accounts.match", "pk": 1970, "fields": {"requesting_user": 19, "found_user": 21, "requesting_instrument": 21, "found_instrument": 25, "known": true, "mark_new": false}}, {"model": "accounts.match", "pk": 1971, "fields": {"requesting_user": 19, "found_user": 21, "requesting_instrument": 20, "found_instrument": 26, "known": true, "mark_new": false}}, {"model": "accounts.match", "pk": 1972, "fields": {"requesting_user": 19, "found_user": 21, "requesting_instrument": 21, "found_instrument": 26, "known": true, "mark_new": false}}, {"model": "accounts.match", "pk": 1973, "fields": {"requesting_user": 19, "found_user": 21, "requesting_instrument": 20, "found_instrument": 27, "known": true, "mark_new": false}}, {"model": "accounts.match", "pk": 1974, "fields": {"requesting_user": 19, "found_user": 21, "requesting_instrument": 21, "found_instrument": 27, "known": true, "mark_new": false}}, {"model": "accounts.match", "pk": 1975, "fields": {"requesting_user": 19, "found_user": 21, "requesting_instrument": 20, "found_instrument": 28, "known": true, "mark_new": false}}, {"model": "accounts.match", "pk": 1976, "fields": {"requesting_user": 19, "found_user": 21, "requesting_instrument": 21, "found_instrument": 28, "known": true, "mark_new": false}}, {"model": "accounts.match", "pk": 1977, "fields": {"requesting_user": 19, "found_user": 21, "requesting_instrument": 20, "found_instrument": 29, "known": true, "mark_new": false}}, {"model": "accounts.match", "pk": 1978, "fields": {"requesting_user": 19, "found_user": 21, "requesting_instrument": 21, "found_instrument": 29, "known": true, "mark_new": false}}, {"model": "accounts.match", "pk": 1979, "fields": {"requesting_user": 19, "found_user": 21, "requesting_instrument": 20, "found_instrument": 30, "known": true, "mark_new": false}}, {"model": "accounts.match", "pk": 1980, "fields": {"requesting_user": 19, "found_user": 21, "requesting_instrument": 21, "found_instrument": 30, "known": true, "mark_new": false}}, {"model": "accounts.match", "pk": 1981, "fields": {"requesting_user": 19, "found_user": 21, "requesting_instrument": 20, "found_instrument": 31, "known": true, "mark_new": false}}, {"model": "accounts.match", "pk": 1982, "fields": {"requesting_user": 19, "found_user": 21, "requesting_instrument": 21, "found_instrument": 31, "known": true, "mark_new": false}}, {"model": "accounts.match", "pk": 1985, "fields": {"requesting_user": 22, "found_user": 21, "requesting_instrument": 32, "found_instrument": 25, "known": true, "mark_new": false}}, {"model": "accounts.match", "pk": 1986, "fields": {"requesting_user": 24, "found_user": 22, "requesting_instrument": 39, "found_instrument": 32, "known": true, "mark_new": false}}, {"model": "accounts.match", "pk": 1988, "fields": {"requesting_user": 18, "found_user": 13, "requesting_instrument": 19, "found_instrument": 6, "known": true, "mark_new": false}}, {"model": "accounts.match", "pk": 1989, "fields": {"requesting_user": 20, "found_user": 22, "requesting_instrument": 22, "found_instrument": 32, "known": true, "mark_new": false}}, {"model": "accounts.match", "pk": 1990, "fields": {"requesting_user": 20, "found_user": 13, "requesting_instrument": 22, "found_instrument": 6, "known": true, "mark_new": false}}, {"model": "accounts.match", "pk": 1991, "fields": {"requesting_user": 20, "found_user": 13, "requesting_instrument": 22, "found_instrument": 11, "known": true, "mark_new": false}}, {"model": "accounts.match", "pk": 1992, "fields": {"requesting_user": 20, "found_user": 13, "requesting_instrument": 22, "found_instrument": 33, "known": true, "mark_new": false}}, {"model": "accounts.match", "pk": 1993, "fields": {"requesting_user": 20, "found_user": 19, "requesting_instrument": 22, "found_instrument": 20, "known": true, "mark_new": false}}, {"model": "accounts.match", "pk": 1994, "fields": {"requesting_user": 20, "found_user": 19, "requesting_instrument": 22, "found_instrument": 21, "known": true, "mark_new": false}}, {"model": "accounts.match", "pk": 1996, "fields": {"requesting_user": 19, "found_user": 20, "requesting_instrument": 20, "found_instrument": 22, "known": true, "mark_new": false}}, {"model": "accounts.match", "pk": 1997, "fields": {"requesting_user": 19, "found_user": 20, "requesting_instrument": 21, "found_instrument": 22, "known": true, "mark_new": false}}, {"model": "accounts.match", "pk": 1998, "fields": {"requesting_user": 18, "found_user": 20, "requesting_instrument": 19, "found_instrument": 22, "known": true, "mark_new": false}}, {"model": "accounts.match", "pk": 1999, "fields": {"requesting_user": 23, "found_user": 24, "requesting_instrument": 37, "found_instrument": 40, "known": true, "mark_new": false}}, {"model": "accounts.match", "pk": 2000, "fields": {"requesting_user": 23, "found_user": 25, "requesting_instrument": 37, "found_instrument": 43, "known": true, "mark_new": false}}, {"model": "accounts.match", "pk": 2001, "fields": {"requesting_user": 23, "found_user": 19, "requesting_instrument": 37, "found_instrument": 21, "known": true, "mark_new": false}}, {"model": "accounts.match", "pk": 2002, "fields": {"requesting_user": 24, "found_user": 23, "requesting_instrument": 40, "found_instrument": 37, "known": true, "mark_new": false}}, {"model": "accounts.match", "pk": 2003, "fields": {"requesting_user": 24, "found_user": 23, "requesting_instrument": 40, "found_instrument": 38, "known": true, "mark_new": false}}, {"model": "accounts.match", "pk": 2004, "fields": {"requesting_user": 25, "found_user": 23, "requesting_instrument": 42, "found_instrument": 38, "known": true, "mark_new": false}}, {"model": "accounts.match", "pk": 2005, "fields": {"requesting_user": 25, "found_user": 23, "requesting_instrument": 43, "found_instrument": 38, "known": true, "mark_new": false}}, {"model": "accounts.match", "pk": 2007, "fields": {"requesting_user": 19, "found_user": 23, "requesting_instrument": 20, "found_instrument": 37, "known": true, "mark_new": false}}, {"model": "accounts.match", "pk": 2008, "fields": {"requesting_user": 19, "found_user": 23, "requesting_instrument": 21, "found_instrument": 37, "known": true, "mark_new": false}}, {"model": "accounts.match", "pk": 2009, "fields": {"requesting_user": 19, "found_user": 23, "requesting_instrument": 20, "found_instrument": 38, "known": true, "mark_new": false}}, {"model": "accounts.match", "pk": 2010, "fields": {"requesting_user": 19, "found_user": 23, "requesting_instrument": 21, "found_instrument": 38, "known": true, "mark_new": false}}, {"model": "accounts.match", "pk": 2011, "fields": {"requesting_user": 24, "found_user": 25, "requesting_instrument": 39, "found_instrument": 42, "known": true, "mark_new": false}}, {"model": "accounts.match", "pk": 2012, "fields": {"requesting_user": 24, "found_user": 25, "requesting_instrument": 40, "found_instrument": 43, "known": true, "mark_new": false}}, {"model": "accounts.match", "pk": 2013, "fields": {"requesting_user": 24, "found_user": 26, "requesting_instrument": 40, "found_instrument": 44, "known": true, "mark_new": false}}, {"model": "accounts.match", "pk": 2014, "fields": {"requesting_user": 24, "found_user": 12, "requesting_instrument": 39, "found_instrument": 35, "known": true, "mark_new": false}}, {"model": "accounts.match", "pk": 2027, "fields": {"requesting_user": 19, "found_user": 25, "requesting_instrument": 20, "found_instrument": 42, "known": true, "mark_new": false}}, {"model": "accounts.match", "pk": 2028, "fields": {"requesting_user": 19, "found_user": 25, "requesting_instrument": 21, "found_instrument": 42, "known": true, "mark_new": false}}, {"model": "accounts.match", "pk": 2029, "fields": {"requesting_user": 19, "found_user": 25, "requesting_instrument": 20, "found_instrument": 43, "known": true, "mark_new": false}}, {"model": "accounts.match", "pk": 2030, "fields": {"requesting_user": 19, "found_user": 25, "requesting_instrument": 21, "found_instrument": 43, "known": true, "mark_new": false}}, {"model": "accounts.match", "pk": 2033, "fields": {"requesting_user": 27, "found_user": 26, "requesting_instrument": 45, "found_instrument": 44, "known": true, "mark_new": false}}, {"model": "accounts.match", "pk": 2034, "fields": {"requesting_user": 28, "found_user": 27, "requesting_instrument": 46, "found_instrument": 45, "known": false, "mark_new": true}}, {"model": "accounts.match", "pk": 2035, "fields": {"requesting_user": 29, "found_user": 27, "requesting_instrument": 47, "found_instrument": 45, "known": true, "mark_new": false}}, {"model": "accounts.match", "pk": 2036, "fields": {"requesting_user": 24, "found_user": 27, "requesting_instrument": 40, "found_instrument": 45, "known": true, "mark_new": false}}, {"model": "accounts.match", "pk": 2037, "fields": {"requesting_user": 26, "found_user": 27, "requesting_instrument": 44, "found_instrument": 45, "known": false, "mark_new": true}}, {"model": "accounts.match", "pk": 2038, "fields": {"requesting_user": 28, "found_user": 29, "requesting_instrument": 46, "found_instrument": 47, "known": false, "mark_new": true}}, {"model": "accounts.match", "pk": 2039, "fields": {"requesting_user": 28, "found_user": 30, "requesting_instrument": 46, "found_instrument": 48, "known": false, "mark_new": true}}, {"model": "accounts.match", "pk": 2041, "fields": {"requesting_user": 28, "found_user": 26, "requesting_instrument": 46, "found_instrument": 44, "known": false, "mark_new": true}}, {"model": "accounts.match", "pk": 2042, "fields": {"requesting_user": 30, "found_user": 28, "requesting_instrument": 48, "found_instrument": 46, "known": true, "mark_new": false}}, {"model": "accounts.match", "pk": 2043, "fields": {"requesting_user": 30, "found_user": 29, "requesting_instrument": 48, "found_instrument": 47, "known": true, "mark_new": false}}, {"model": "accounts.match", "pk": 2044, "fields": {"requesting_user": 30, "found_user": 31, "requesting_instrument": 48, "found_instrument": 50, "known": true, "mark_new": false}}, {"model": "accounts.match", "pk": 2046, "fields": {"requesting_user": 32, "found_user": 2, "requesting_instrument": 51, "found_instrument": 8, "known": true, "mark_new": false}}, {"model": "accounts.match", "pk": 2048, "fields": {"requesting_user": 32, "found_user": 31, "requesting_instrument": 51, "found_instrument": 50, "known": true, "mark_new": false}}, {"model": "accounts.match", "pk": 2049, "fields": {"requesting_user": 2, "found_user": 32, "requesting_instrument": 8, "found_instrument": 51, "known": true, "mark_new": false}}, {"model": "accounts.match", "pk": 2051, "fields": {"requesting_user": 31, "found_user": 32, "requesting_instrument": 50, "found_instrument": 51, "known": true, "mark_new": true}}, {"model": "accounts.match", "pk": 2053, "fields": {"requesting_user": 17, "found_user": 22, "requesting_instrument": 10, "found_instrument": 32, "known": true, "mark_new": false}}, {"model": "accounts.match", "pk": 2054, "fields": {"requesting_user": 17, "found_user": 24, "requesting_instrument": 10, "found_instrument": 41, "known": true, "mark_new": false}}, {"model": "accounts.match", "pk": 2055, "fields": {"requesting_user": 17, "found_user": 12, "requesting_instrument": 10, "found_instrument": 35, "known": true, "mark_new": false}}, {"model": "accounts.match", "pk": 2057, "fields": {"requesting_user": 19, "found_user": 17, "requesting_instrument": 20, "found_instrument": 10, "known": true, "mark_new": false}}, {"model": "accounts.match", "pk": 2058, "fields": {"requesting_user": 19, "found_user": 17, "requesting_instrument": 21, "found_instrument": 10, "known": true, "mark_new": false}}, {"model": "accounts.match", "pk": 2059, "fields": {"requesting_user": 19, "found_user": 22, "requesting_instrument": 20, "found_instrument": 32, "known": true, "mark_new": false}}, {"model": "accounts.match", "pk": 2060, "fields": {"requesting_user": 19, "found_user": 22, "requesting_instrument": 21, "found_instrument": 32, "known": true, "mark_new": false}}, {"model": "accounts.match", "pk": 2061, "fields": {"requesting_user": 19, "found_user": 24, "requesting_instrument": 20, "found_instrument": 39, "known": true, "mark_new": false}}, {"model": "accounts.match", "pk": 2062, "fields": {"requesting_user": 19, "found_user": 24, "requesting_instrument": 21, "found_instrument": 39, "known": true, "mark_new": false}}, {"model": "accounts.match", "pk": 2063, "fields": {"requesting_user": 19, "found_user": 24, "requesting_instrument": 20, "found_instrument": 40, "known": true, "mark_new": false}}, {"model": "accounts.match", "pk": 2064, "fields": {"requesting_user": 19, "found_user": 24, "requesting_instrument": 21, "found_instrument": 40, "known": true, "mark_new": false}}, {"model": "accounts.match", "pk": 2065, "fields": {"requesting_user": 19, "found_user": 24, "requesting_instrument": 20, "found_instrument": 41, "known": true, "mark_new": false}}, {"model": "accounts.match", "pk": 2066, "fields": {"requesting_user": 19, "found_user": 24, "requesting_instrument": 21, "found_instrument": 41, "known": true, "mark_new": false}}, {"model": "accounts.match", "pk": 2067, "fields": {"requesting_user": 19, "found_user": 12, "requesting_instrument": 20, "found_instrument": 34, "known": true, "mark_new": false}}, {"model": "accounts.match", "pk": 2068, "fields": {"requesting_user": 19, "found_user": 12, "requesting_instrument": 21, "found_instrument": 34, "known": true, "mark_new": false}}, {"model": "accounts.match", "pk": 2069, "fields": {"requesting_user": 19, "found_user": 12, "requesting_instrument": 20, "found_instrument": 35, "known": true, "mark_new": false}}, {"model": "accounts.match", "pk": 2070, "fields": {"requesting_user": 19, "found_user": 12, "requesting_instrument": 21, "found_instrument": 35, "known": true, "mark_new": false}}, {"model": "accounts.match", "pk": 2072, "fields": {"requesting_user": 24, "found_user": 19, "requesting_instrument": 40, "found_instrument": 20, "known": true, "mark_new": false}}, {"model": "accounts.match", "pk": 2074, "fields": {"requesting_user": 2, "found_user": 32, "requesting_instrument": 54, "found_instrument": 51, "known": true, "mark_new": false}}, {"model": "accounts.match", "pk": 2076, "fields": {"requesting_user": 32, "found_user": 2, "requesting_instrument": 51, "found_instrument": 54, "known": true, "mark_new": false}}, {"model": "accounts.match", "pk": 2077, "fields": {"requesting_user": 22, "found_user": 12, "requesting_instrument": 32, "found_instrument": 35, "known": true, "mark_new": false}}, {"model": "accounts.match", "pk": 2080, "fields": {"requesting_user": 21, "found_user": 22, "requesting_instrument": 23, "found_instrument": 32, "known": true, "mark_new": false}}, {"model": "accounts.match", "pk": 2081, "fields": {"requesting_user": 21, "found_user": 22, "requesting_instrument": 24, "found_instrument": 32, "known": true, "mark_new": false}}, {"model": "accounts.match", "pk": 2082, "fields": {"requesting_user": 21, "found_user": 22, "requesting_instrument": 25, "found_instrument": 32, "known": true, "mark_new": false}}, {"model": "accounts.match", "pk": 2083, "fields": {"requesting_user": 21, "found_user": 22, "requesting_instrument": 26, "found_instrument": 32, "known": true, "mark_new": false}}, {"model": "accounts.match", "pk": 2084, "fields": {"requesting_user": 21, "found_user": 22, "requesting_instrument": 27, "found_instrument": 32, "known": true, "mark_new": false}}, {"model": "accounts.match", "pk": 2091, "fields": {"requesting_user": 13, "found_user": 18, "requesting_instrument": 11, "found_instrument": 19, "known": true, "mark_new": false}}, {"model": "accounts.match", "pk": 2092, "fields": {"requesting_user": 20, "found_user": 18, "requesting_instrument": 22, "found_instrument": 19, "known": true, "mark_new": false}}, {"model": "accounts.match", "pk": 2093, "fields": {"requesting_user": 21, "found_user": 22, "requesting_instrument": 28, "found_instrument": 32, "known": true, "mark_new": false}}, {"model": "accounts.match", "pk": 2094, "fields": {"requesting_user": 24, "found_user": 21, "requesting_instrument": 41, "found_instrument": 23, "known": true, "mark_new": false}}, {"model": "accounts.match", "pk": 2095, "fields": {"requesting_user": 24, "found_user": 21, "requesting_instrument": 39, "found_instrument": 26, "known": true, "mark_new": false}}, {"model": "accounts.match", "pk": 2096, "fields": {"requesting_user": 24, "found_user": 21, "requesting_instrument": 40, "found_instrument": 29, "known": true, "mark_new": false}}, {"model": "accounts.match", "pk": 2097, "fields": {"requesting_user": 24, "found_user": 21, "requesting_instrument": 40, "found_instrument": 30, "known": true, "mark_new": false}}, {"model": "accounts.match", "pk": 2098, "fields": {"requesting_user": 24, "found_user": 21, "requesting_instrument": 40, "found_instrument": 31, "known": true, "mark_new": false}}, {"model": "accounts.match", "pk": 2099, "fields": {"requesting_user": 26, "found_user": 24, "requesting_instrument": 44, "found_instrument": 40, "known": false, "mark_new": true}}, {"model": "accounts.match", "pk": 2100, "fields": {"requesting_user": 26, "found_user": 24, "requesting_instrument": 44, "found_instrument": 41, "known": false, "mark_new": true}}, {"model": "accounts.match", "pk": 2101, "fields": {"requesting_user": 30, "found_user": 28, "requesting_instrument": 48, "found_instrument": 55, "known": true, "mark_new": false}}, {"model": "accounts.match", "pk": 2102, "fields": {"requesting_user": 29, "found_user": 31, "requesting_instrument": 47, "found_instrument": 50, "known": true, "mark_new": false}}, {"model": "accounts.match", "pk": 2103, "fields": {"requesting_user": 31, "found_user": 30, "requesting_instrument": 50, "found_instrument": 56, "known": true, "mark_new": true}}, {"model": "accounts.match", "pk": 2104, "fields": {"requesting_user": 28, "found_user": 30, "requesting_instrument": 46, "found_instrument": 56, "known": false, "mark_new": true}}, {"model": "accounts.match", "pk": 2105, "fields": {"requesting_user": 28, "found_user": 30, "requesting_instrument": 55, "found_instrument": 56, "known": false, "mark_new": true}}, {"model": "accounts.match", "pk": 2106, "fields": {"requesting_user": 29, "found_user": 30, "requesting_instrument": 47, "found_instrument": 56, "known": true, "mark_new": false}}, {"model": "accounts.match", "pk": 2107, "fields": {"requesting_user": 32, "found_user": 31, "requesting_instrument": 57, "found_instrument": 50, "known": true, "mark_new": false}}, {"model": "accounts.match", "pk": 2108, "fields": {"requesting_user": 32, "found_user": 2, "requesting_instrument": 57, "found_instrument": 8, "known": true, "mark_new": false}}, {"model": "accounts.match", "pk": 2109, "fields": {"requesting_user": 32, "found_user": 2, "requesting_instrument": 57, "found_instrument": 54, "known": true, "mark_new": false}}, {"model": "accounts.match", "pk": 2110, "fields": {"requesting_user": 31, "found_user": 32, "requesting_instrument": 50, "found_instrument": 57, "known": true, "mark_new": true}}, {"model": "accounts.match", "pk": 2111, "fields": {"requesting_user": 19, "found_user": 17, "requesting_instrument": 58, "found_instrument": 10, "known": true, "mark_new": false}}, {"model": "accounts.match", "pk": 2112, "fields": {"requesting_user": 19, "found_user": 21, "requesting_instrument": 58, "found_instrument": 24, "known": true, "mark_new": false}}, {"model": "accounts.match", "pk": 2113, "fields": {"requesting_user": 19, "found_user": 21, "requesting_instrument": 58, "found_instrument": 25, "known": true, "mark_new": false}}, {"model": "accounts.match", "pk": 2114, "fields": {"requesting_user": 19, "found_user": 23, "requesting_instrument": 58, "found_instrument": 38, "known": true, "mark_new": false}}, {"model": "accounts.match", "pk": 2115, "fields": {"requesting_user": 19, "found_user": 12, "requesting_instrument": 58, "found_instrument": 34, "known": true, "mark_new": false}}, {"model": "accounts.match", "pk": 2116, "fields": {"requesting_user": 19, "found_user": 12, "requesting_instrument": 58, "found_instrument": 35, "known": true, "mark_new": false}}, {"model": "accounts.match", "pk": 2117, "fields": {"requesting_user": 17, "found_user": 19, "requesting_instrument": 10, "found_instrument": 58, "known": true, "mark_new": false}}, {"model": "accounts.match", "pk": 2118, "fields": {"requesting_user": 21, "found_user": 19, "requesting_instrument": 23, "found_instrument": 58, "known": true, "mark_new": false}}, {"model": "accounts.match", "pk": 2119, "fields": {"requesting_user": 21, "found_user": 19, "requesting_instrument": 24, "found_instrument": 58, "known": true, "mark_new": false}}, {"model": "accounts.match", "pk": 2120, "fields": {"requesting_user": 21, "found_user": 19, "requesting_instrument": 25, "found_instrument": 58, "known": true, "mark_new": false}}, {"model": "accounts.match", "pk": 2121, "fields": {"requesting_user": 21, "found_user": 19, "requesting_instrument": 26, "found_instrument": 58, "known": true, "mark_new": false}}, {"model": "accounts.match", "pk": 2122, "fields": {"requesting_user": 21, "found_user": 19, "requesting_instrument": 27, "found_instrument": 58, "known": true, "mark_new": false}}, {"model": "accounts.match", "pk": 2123, "fields": {"requesting_user": 21, "found_user": 19, "requesting_instrument": 28, "found_instrument": 58, "known": true, "mark_new": false}}, {"model": "accounts.match", "pk": 2124, "fields": {"requesting_user": 21, "found_user": 19, "requesting_instrument": 29, "found_instrument": 58, "known": true, "mark_new": false}}, {"model": "accounts.match", "pk": 2125, "fields": {"requesting_user": 21, "found_user": 19, "requesting_instrument": 30, "found_instrument": 58, "known": true, "mark_new": false}}, {"model": "accounts.match", "pk": 2126, "fields": {"requesting_user": 21, "found_user": 19, "requesting_instrument": 31, "found_instrument": 58, "known": true, "mark_new": false}}, {"model": "accounts.match", "pk": 2127, "fields": {"requesting_user": 20, "found_user": 19, "requesting_instrument": 22, "found_instrument": 58, "known": true, "mark_new": false}}, {"model": "accounts.match", "pk": 2128, "fields": {"requesting_user": 24, "found_user": 19, "requesting_instrument": 39, "found_instrument": 58, "known": true, "mark_new": false}}, {"model": "accounts.match", "pk": 2129, "fields": {"requesting_user": 19, "found_user": 21, "requesting_instrument": 59, "found_instrument": 23, "known": true, "mark_new": true}}, {"model": "accounts.match", "pk": 2130, "fields": {"requesting_user": 19, "found_user": 21, "requesting_instrument": 59, "found_instrument": 25, "known": true, "mark_new": true}}, {"model": "accounts.match", "pk": 2131, "fields": {"requesting_user": 19, "found_user": 21, "requesting_instrument": 59, "found_instrument": 26, "known": true, "mark_new": true}}, {"model": "accounts.match", "pk": 2132, "fields": {"requesting_user": 19, "found_user": 21, "requesting_instrument": 59, "found_instrument": 28, "known": true, "mark_new": true}}, {"model": "accounts.match", "pk": 2133, "fields": {"requesting_user": 19, "found_user": 24, "requesting_instrument": 59, "found_instrument": 39, "known": true, "mark_new": true}}, {"model": "accounts.match", "pk": 2134, "fields": {"requesting_user": 19, "found_user": 24, "requesting_instrument": 59, "found_instrument": 41, "known": true, "mark_new": true}}, {"model": "accounts.match", "pk": 2135, "fields": {"requesting_user": 19, "found_user": 25, "requesting_instrument": 59, "found_instrument": 42, "known": true, "mark_new": true}}, {"model": "accounts.match", "pk": 2136, "fields": {"requesting_user": 19, "found_user": 20, "requesting_instrument": 59, "found_instrument": 22, "known": true, "mark_new": true}}, {"model": "accounts.match", "pk": 2137, "fields": {"requesting_user": 19, "found_user": 12, "requesting_instrument": 59, "found_instrument": 34, "known": true, "mark_new": true}}, {"model": "accounts.match", "pk": 2138, "fields": {"requesting_user": 19, "found_user": 17, "requesting_instrument": 59, "found_instrument": 10, "known": true, "mark_new": true}}, {"model": "accounts.match", "pk": 2139, "fields": {"requesting_user": 19, "found_user": 22, "requesting_instrument": 59, "found_instrument": 32, "known": true, "mark_new": true}}, {"model": "accounts.match", "pk": 2140, "fields": {"requesting_user": 19, "found_user": 23, "requesting_instrument": 59, "found_instrument": 38, "known": true, "mark_new": true}}, {"model": "accounts.match", "pk": 2141, "fields": {"requesting_user": 21, "found_user": 19, "requesting_instrument": 23, "found_instrument": 59, "known": true, "mark_new": false}}, {"model": "accounts.match", "pk": 2142, "fields": {"requesting_user": 21, "found_user": 19, "requesting_instrument": 24, "found_instrument": 59, "known": true, "mark_new": false}}, {"model": "accounts.match", "pk": 2143, "fields": {"requesting_user": 21, "found_user": 19, "requesting_instrument": 25, "found_instrument": 59, "known": true, "mark_new": false}}, {"model": "accounts.match", "pk": 2144, "fields": {"requesting_user": 21, "found_user": 19, "requesting_instrument": 26, "found_instrument": 59, "known": true, "mark_new": false}}, {"model": "accounts.match", "pk": 2145, "fields": {"requesting_user": 21, "found_user": 19, "requesting_instrument": 27, "found_instrument": 59, "known": true, "mark_new": false}}, {"model": "accounts.match", "pk": 2146, "fields": {"requesting_user": 21, "found_user": 19, "requesting_instrument": 28, "found_instrument": 59, "known": true, "mark_new": false}}, {"model": "accounts.match", "pk": 2147, "fields": {"requesting_user": 21, "found_user": 19, "requesting_instrument": 29, "found_instrument": 59, "known": true, "mark_new": false}}, {"model": "accounts.match", "pk": 2148, "fields": {"requesting_user": 21, "found_user": 19, "requesting_instrument": 30, "found_instrument": 59, "known": true, "mark_new": false}}, {"model": "accounts.match", "pk": 2149, "fields": {"requesting_user": 21, "found_user": 19, "requesting_instrument": 31, "found_instrument": 59, "known": true, "mark_new": false}}, {"model": "accounts.match", "pk": 2150, "fields": {"requesting_user": 24, "found_user": 19, "requesting_instrument": 39, "found_instrument": 59, "known": true, "mark_new": true}}, {"model": "accounts.match", "pk": 2151, "fields": {"requesting_user": 20, "found_user": 19, "requesting_instrument": 22, "found_instrument": 59, "known": true, "mark_new": true}}, {"model": "accounts.match", "pk": 2152, "fields": {"requesting_user": 17, "found_user": 21, "requesting_instrument": 10, "found_instrument": 23, "known": true, "mark_new": false}}, {"model": "accounts.match", "pk": 2153, "fields": {"requesting_user": 17, "found_user": 21, "requesting_instrument": 10, "found_instrument": 25, "known": true, "mark_new": false}}, {"model": "accounts.match", "pk": 2154, "fields": {"requesting_user": 17, "found_user": 21, "requesting_instrument": 10, "found_instrument": 26, "known": true, "mark_new": false}}, {"model": "accounts.match", "pk": 2155, "fields": {"requesting_user": 17, "found_user": 21, "requesting_instrument": 10, "found_instrument": 27, "known": true, "mark_new": false}}, {"model": "accounts.match", "pk": 2156, "fields": {"requesting_user": 17, "found_user": 21, "requesting_instrument": 10, "found_instrument": 28, "known": true, "mark_new": false}}, {"model": "accounts.match", "pk": 2157, "fields": {"requesting_user": 17, "found_user": 21, "requesting_instrument": 10, "found_instrument": 29, "known": true, "mark_new": false}}, {"model": "accounts.match", "pk": 2158, "fields": {"requesting_user": 17, "found_user": 21, "requesting_instrument": 10, "found_instrument": 30, "known": true, "mark_new": false}}, {"model": "accounts.match", "pk": 2159, "fields": {"requesting_user": 17, "found_user": 21, "requesting_instrument": 10, "found_instrument": 31, "known": true, "mark_new": false}}, {"model": "accounts.match", "pk": 2160, "fields": {"requesting_user": 17, "found_user": 24, "requesting_instrument": 10, "found_instrument": 39, "known": true, "mark_new": false}}, {"model": "accounts.match", "pk": 2161, "fields": {"requesting_user": 17, "found_user": 24, "requesting_instrument": 10, "found_instrument": 40, "known": true, "mark_new": false}}, {"model": "accounts.match", "pk": 2162, "fields": {"requesting_user": 17, "found_user": 12, "requesting_instrument": 10, "found_instrument": 34, "known": true, "mark_new": false}}, {"model": "accounts.match", "pk": 2163, "fields": {"requesting_user": 17, "found_user": 23, "requesting_instrument": 10, "found_instrument": 37, "known": true, "mark_new": false}}, {"model": "accounts.match", "pk": 2164, "fields": {"requesting_user": 17, "found_user": 23, "requesting_instrument": 10, "found_instrument": 38, "known": true, "mark_new": false}}, {"model": "accounts.match", "pk": 2165, "fields": {"requesting_user": 17, "found_user": 19, "requesting_instrument": 10, "found_instrument": 20, "known": true, "mark_new": false}}, {"model": "accounts.match", "pk": 2166, "fields": {"requesting_user": 17, "found_user": 19, "requesting_instrument": 10, "found_instrument": 21, "known": true, "mark_new": false}}, {"model": "accounts.match", "pk": 2167, "fields": {"requesting_user": 17, "found_user": 19, "requesting_instrument": 10, "found_instrument": 59, "known": true, "mark_new": false}}, {"model": "user_messages.message", "pk": 2, "fields": {"user_from": 13, "user_to": 22, "title": "test message 1", "message": "This is the first test. This is the first test. This is the first test. This is the first test. This is the first test. This is the first test. This is the first test.", "seen": true, "sender_deleted": false, "receiver_deleted": false, "sent_date": "2017-10-22T21:47:10.007Z", "seen_date": "2017-10-29T14:04:22.890Z"}}, {"model": "user_messages.message", "pk": 4, "fields": {"user_from": 11, "user_to": 22, "title": "greetings from Kazahstan!", "message": "But I is not really Borat :)", "seen": false, "sender_deleted": false, "receiver_deleted": true, "sent_date": "2017-10-21T21:47:10Z", "seen_date": null}}, {"model": "user_messages.message", "pk": 5, "fields": {"user_from": 18, "user_to": 22, "title": "interested in a meetup?", "message": "Hi, I found a match with you, are you interested in meeting up to play?", "seen": true, "sender_deleted": false, "receiver_deleted": false, "sent_date": "2017-10-22T19:47:10Z", "seen_date": "2017-11-19T21:54:27.868Z"}}, {"model": "user_messages.message", "pk": 7, "fields": {"user_from": 17, "user_to": 18, "title": "boo!", "message": "whatever", "seen": true, "sender_deleted": false, "receiver_deleted": true, "sent_date": "2017-10-23T21:30:37Z", "seen_date": null}}, {"model": "user_messages.message", "pk": 8, "fields": {"user_from": 19, "user_to": 18, "title": "something", "message": "or other. Yes, something or other. Anyway, how are you?", "seen": true, "sender_deleted": false, "receiver_deleted": false, "sent_date": "2017-10-23T21:30:55Z", "seen_date": "2017-10-28T22:09:21.823Z"}}, {"model": "user_messages.message", "pk": 9, "fields": {"user_from": 17, "user_to": 21, "title": "bliblablo", "message": "some nice text here, probably", "seen": true, "sender_deleted": true, "receiver_deleted": false, "sent_date": "2017-10-23T21:31:16Z", "seen_date": "2017-10-30T00:02:35.277Z"}}, {"model": "user_messages.message", "pk": 10, "fields": {"user_from": 18, "user_to": 12, "title": "attention!", "message": "do I have it now? Good :)", "seen": false, "sender_deleted": true, "receiver_deleted": false, "sent_date": "2017-10-23T21:31:36Z", "seen_date": null}}, {"model": "user_messages.message", "pk": 11, "fields": {"user_from": 11, "user_to": 13, "title": "this is a message", "message": "no, really - it is!!", "seen": true, "sender_deleted": false, "receiver_deleted": false, "sent_date": "2017-10-23T21:31:54Z", "seen_date": "2017-10-28T22:54:49.671Z"}}, {"model": "user_messages.message", "pk": 12, "fields": {"user_from": 12, "user_to": 2, "title": "'eyup!", "message": "some riveting text goes here.", "seen": true, "sender_deleted": false, "receiver_deleted": false, "sent_date": "2017-10-23T21:32:11Z", "seen_date": "2017-10-30T00:26:03.899Z"}}, {"model": "user_messages.message", "pk": 13, "fields": {"user_from": 18, "user_to": 12, "title": "who are you?", "message": "come to think of it, who am I? Do you know? Is it even *possible* for anyone to know?", "seen": false, "sender_deleted": true, "receiver_deleted": false, "sent_date": "2017-10-23T21:32:43Z", "seen_date": null}}, {"model": "user_messages.message", "pk": 14, "fields": {"user_from": 20, "user_to": 2, "title": "just wondering...", "message": "...why the hell I am doing this?", "seen": true, "sender_deleted": false, "receiver_deleted": false, "sent_date": "2017-10-23T21:33:16Z", "seen_date": "2017-11-11T09:26:39.865Z"}}, {"model": "user_messages.message", "pk": 15, "fields": {"user_from": 21, "user_to": 13, "title": "we need to talk", "message": "Just thought we should. Give me a call...", "seen": true, "sender_deleted": false, "receiver_deleted": true, "sent_date": "2017-10-23T21:33:35Z", "seen_date": null}}, {"model": "user_messages.message", "pk": 17, "fields": {"user_from": 11, "user_to": 21, "title": "akjdfkjh", "message": "asodhfoaidhfoaifhoahifah", "seen": true, "sender_deleted": false, "receiver_deleted": false, "sent_date": "2017-10-23T21:34:38Z", "seen_date": "2017-10-30T00:02:31.683Z"}}, {"model": "user_messages.message", "pk": 18, "fields": {"user_from": 22, "user_to": 20, "title": "asdfoaufho", "message": "fhofhoeiho", "seen": true, "sender_deleted": false, "receiver_deleted": false, "sent_date": "2017-10-23T21:34:51Z", "seen_date": "2017-10-30T00:28:28.241Z"}}, {"model": "user_messages.message", "pk": 19, "fields": {"user_from": 11, "user_to": 18, "title": "fgiudgfiuw", "message": "bfwiuehfwu", "seen": true, "sender_deleted": false, "receiver_deleted": false, "sent_date": "2017-10-23T21:35:07Z", "seen_date": "2017-10-28T22:09:15.571Z"}}, {"model": "user_messages.message", "pk": 20, "fields": {"user_from": 2, "user_to": 18, "title": "hfofhwoh", "message": "fowuhfowifh", "seen": true, "sender_deleted": false, "receiver_deleted": false, "sent_date": "2017-10-23T21:35:17Z", "seen_date": "2017-10-28T22:09:11.830Z"}}, {"model": "user_messages.message", "pk": 21, "fields": {"user_from": 20, "user_to": 19, "title": "hgoeirgheoirgheoiegh", "message": "hogeirhogeirhgoeirhgoerighoerighoerigheirogherogihegerigfklgnksnglskngoerigoerigneglrkngjg", "seen": true, "sender_deleted": false, "receiver_deleted": false, "sent_date": "2017-10-23T21:35:30Z", "seen_date": "2017-10-29T14:10:46.366Z"}}, {"model": "user_messages.message", "pk": 22, "fields": {"user_from": 19, "user_to": 20, "title": "vskbjdvbkjb", "message": "hofiwheofiwhofihwofihoifh", "seen": true, "sender_deleted": false, "receiver_deleted": false, "sent_date": "2017-10-23T21:35:53Z", "seen_date": "2017-10-30T00:28:32.774Z"}}, {"model": "user_messages.message", "pk": 23, "fields": {"user_from": 21, "user_to": 11, "title": "vbeeiie", "message": "hfgjhnhfh", "seen": false, "sender_deleted": false, "receiver_deleted": true, "sent_date": "2017-10-23T21:36:09Z", "seen_date": null}}, {"model": "user_messages.message", "pk": 24, "fields": {"user_from": 20, "user_to": 18, "title": "biuouw", "message": "hhfuggj", "seen": true, "sender_deleted": false, "receiver_deleted": false, "sent_date": "2017-10-23T21:36:20Z", "seen_date": "2017-10-28T22:09:07.868Z"}}, {"model": "user_messages.message", "pk": 25, "fields": {"user_from": 13, "user_to": 2, "title": "vhvhvfusgdfh", "message": "dhdjfjgjfnfbdhyfkg", "seen": true, "sender_deleted": false, "receiver_deleted": false, "sent_date": "2017-10-23T21:36:31Z", "seen_date": "2017-10-30T00:26:12.740Z"}}, {"model": "user_messages.message", "pk": 26, "fields": {"user_from": 21, "user_to": 17, "title": "fgwiufgwiuf", "message": "fhowiehfowifeho", "seen": true, "sender_deleted": false, "receiver_deleted": false, "sent_date": "2017-10-23T21:36:55Z", "seen_date": "2017-10-30T00:27:17.341Z"}}, {"model": "user_messages.message", "pk": 27, "fields": {"user_from": 21, "user_to": 11, "title": "hhogifhg", "message": "fgoeygiuygo", "seen": false, "sender_deleted": false, "receiver_deleted": true, "sent_date": "2017-10-23T21:37:07Z", "seen_date": null}}, {"model": "user_messages.message", "pk": 28, "fields": {"user_from": 11, "user_to": 13, "title": "fowuhofiwhfoi", "message": "gowirhgowihgowrihgowhgi", "seen": true, "sender_deleted": false, "receiver_deleted": true, "sent_date": "2017-10-23T21:37:19Z", "seen_date": null}}, {"model": "user_messages.message", "pk": 29, "fields": {"user_from": 22, "user_to": 2, "title": "ofgehgoirhgoeigho", "message": "bfouirhfoifhoirho", "seen": true, "sender_deleted": false, "receiver_deleted": false, "sent_date": "2017-10-23T21:37:31Z", "seen_date": "2017-10-30T00:26:16.755Z"}}, {"model": "user_messages.message", "pk": 30, "fields": {"user_from": 13, "user_to": 18, "title": "foiwhoih", "message": "bfoiwhofiwhfoiwhfnn", "seen": true, "sender_deleted": false, "receiver_deleted": false, "sent_date": "2017-10-23T21:37:42Z", "seen_date": "2017-10-28T20:37:39.855Z"}}, {"model": "user_messages.message", "pk": 31, "fields": {"user_from": 22, "user_to": 20, "title": "bfoihfoih", "message": "gpuviuhvph", "seen": true, "sender_deleted": false, "receiver_deleted": false, "sent_date": "2017-10-23T21:37:53Z", "seen_date": "2017-10-30T00:28:36.445Z"}}, {"model": "user_messages.message", "pk": 32, "fields": {"user_from": 13, "user_to": 19, "title": "gougoigoihohi", "message": "iugiugibibubuiu", "seen": true, "sender_deleted": true, "receiver_deleted": false, "sent_date": "2017-10-23T21:38:04Z", "seen_date": "2017-10-29T14:10:50.028Z"}}, {"model": "user_messages.message", "pk": 33, "fields": {"user_from": 2, "user_to": 13, "title": "oirhgoihgorihgioh", "message": "fowihogwihgowhig", "seen": false, "sender_deleted": false, "receiver_deleted": true, "sent_date": "2017-10-23T21:38:20Z", "seen_date": null}}, {"model": "user_messages.message", "pk": 34, "fields": {"user_from": 13, "user_to": 18, "title": "goierhgoerighero", "message": "oghiwrhgoiwhgowighwogihhogo", "seen": true, "sender_deleted": true, "receiver_deleted": false, "sent_date": "2017-10-23T21:38:31Z", "seen_date": "2017-10-28T20:37:34.704Z"}}, {"model": "user_messages.message", "pk": 35, "fields": {"user_from": 12, "user_to": 20, "title": "oiwhogiwhgowih", "message": "fbowihfowihioghowgihorhgwigho", "seen": true, "sender_deleted": false, "receiver_deleted": false, "sent_date": "2017-10-23T21:38:42Z", "seen_date": "2017-10-30T00:28:40.918Z"}}, {"model": "user_messages.message", "pk": 36, "fields": {"user_from": 13, "user_to": 17, "title": "bvoidhoidwowiv", "message": "bvowivowijfoijoijgi", "seen": true, "sender_deleted": true, "receiver_deleted": false, "sent_date": "2017-10-23T21:38:55Z", "seen_date": "2017-10-30T00:27:20.825Z"}}, {"model": "user_messages.message", "pk": 37, "fields": {"user_from": 20, "user_to": 21, "title": "boiowifoih", "message": "bfoiwhfoiwhoihgoinfngf", "seen": true, "sender_deleted": false, "receiver_deleted": false, "sent_date": "2017-10-23T21:39:06Z", "seen_date": "2017-10-30T00:02:27.953Z"}}, {"model": "user_messages.message", "pk": 38, "fields": {"user_from": 19, "user_to": 17, "title": "booihoijoijokmf", "message": "fwrhrhfs", "seen": true, "sender_deleted": false, "receiver_deleted": false, "sent_date": "2017-10-23T21:39:18Z", "seen_date": "2017-10-30T00:27:25.536Z"}}, {"model": "user_messages.message", "pk": 39, "fields": {"user_from": 13, "user_to": 22, "title": "bohoijoijoijij", "message": "bouuugygygyg", "seen": true, "sender_deleted": false, "receiver_deleted": false, "sent_date": "2017-10-23T21:39:32Z", "seen_date": "2017-10-29T14:04:14.790Z"}}, {"model": "user_messages.message", "pk": 40, "fields": {"user_from": 11, "user_to": 21, "title": "bougouhouh", "message": "bhbhvwofowihfowi", "seen": true, "sender_deleted": false, "receiver_deleted": false, "sent_date": "2017-10-23T21:39:44Z", "seen_date": "2017-10-30T00:02:24.092Z"}}, {"model": "user_messages.message", "pk": 41, "fields": {"user_from": 18, "user_to": 13, "title": "viviuhiuhui", "message": "nlknalgieioghoigh", "seen": true, "sender_deleted": false, "receiver_deleted": true, "sent_date": "2017-10-23T21:39:58Z", "seen_date": null}}, {"model": "user_messages.message", "pk": 42, "fields": {"user_from": 2, "user_to": 22, "title": "boijjijijijijijjii", "message": "vyougyog", "seen": true, "sender_deleted": false, "receiver_deleted": false, "sent_date": "2017-10-23T21:40:10Z", "seen_date": "2017-10-29T14:04:18.288Z"}}, {"model": "user_messages.message", "pk": 43, "fields": {"user_from": 18, "user_to": 21, "title": "biuhiuhi", "message": "fiyygiui", "seen": true, "sender_deleted": false, "receiver_deleted": false, "sent_date": "2017-10-23T21:40:23Z", "seen_date": "2017-10-30T00:02:19.795Z"}}, {"model": "user_messages.message", "pk": 44, "fields": {"user_from": 20, "user_to": 2, "title": "cuogyugbb", "message": "ouovuvyfcftcoo", "seen": true, "sender_deleted": false, "receiver_deleted": false, "sent_date": "2017-10-23T21:40:33Z", "seen_date": "2017-10-30T00:26:19.871Z"}}, {"model": "user_messages.message", "pk": 46, "fields": {"user_from": 13, "user_to": 21, "title": "yoytgouyobob", "message": "joijihuugygyg", "seen": true, "sender_deleted": false, "receiver_deleted": false, "sent_date": "2017-10-23T21:41:01Z", "seen_date": "2017-12-03T20:28:27.389Z"}}, {"model": "user_messages.message", "pk": 47, "fields": {"user_from": 22, "user_to": 13, "title": "cygogyovyovv", "message": "bvvvvvvvvvhgg", "seen": true, "sender_deleted": false, "receiver_deleted": true, "sent_date": "2017-10-23T21:41:13Z", "seen_date": null}}, {"model": "user_messages.message", "pk": 48, "fields": {"user_from": 18, "user_to": 17, "title": "ccovovovv", "message": "huhuhihuhiubiub", "seen": true, "sender_deleted": false, "receiver_deleted": false, "sent_date": "2017-10-23T21:41:25Z", "seen_date": "2017-10-30T00:27:29.276Z"}}, {"model": "user_messages.message", "pk": 49, "fields": {"user_from": 11, "user_to": 19, "title": "cococo", "message": "foccogygc", "seen": true, "sender_deleted": false, "receiver_deleted": false, "sent_date": "2017-10-23T21:41:36Z", "seen_date": "2017-10-29T14:10:53.501Z"}}, {"model": "user_messages.message", "pk": 50, "fields": {"user_from": 22, "user_to": 20, "title": "gggggyggy", "message": "iiiiiiiiiiiiiiiiiiiiiiiiiiiiiiiiiiiiiiiiihhhhhhhhhhhhhhhhhhhhhhhhhihihihih", "seen": true, "sender_deleted": false, "receiver_deleted": false, "sent_date": "2017-10-23T21:41:51Z", "seen_date": "2017-10-30T00:28:44.425Z"}}, {"model": "user_messages.message", "pk": 51, "fields": {"user_from": 13, "user_to": 18, "title": "cococp", "message": "vftfttftfttyftfytftcyccgh", "seen": true, "sender_deleted": false, "receiver_deleted": false, "sent_date": "2017-10-23T21:42:06Z", "seen_date": "2017-10-28T20:37:27.608Z"}}, {"model": "user_messages.message", "pk": 52, "fields": {"user_from": 22, "user_to": 20, "title": "xiixicfcfc", "message": "bkjkbjkbjbkjbbkjvjkvvhc", "seen": true, "sender_deleted": false, "receiver_deleted": false, "sent_date": "2017-10-23T21:42:25Z", "seen_date": "2017-10-30T00:28:47.770Z"}}, {"model": "user_messages.message", "pk": 53, "fields": {"user_from": 22, "user_to": 12, "title": "viug", "message": "hiasflfugl", "seen": false, "sender_deleted": false, "receiver_deleted": false, "sent_date": "2017-10-24T19:07:18Z", "seen_date": null}}, {"model": "user_messages.message", "pk": 54, "fields": {"user_from": 20, "user_to": 21, "title": "uutd", "message": "uyfiygiugiuviyviyc", "seen": true, "sender_deleted": false, "receiver_deleted": false, "sent_date": "2017-10-24T19:07:31Z", "seen_date": "2017-12-03T20:30:29.694Z"}}, {"model": "user_messages.message", "pk": 55, "fields": {"user_from": 22, "user_to": 18, "title": "irtdivytvdy", "message": "xk utfoufou ouyfuf", "seen": true, "sender_deleted": false, "receiver_deleted": false, "sent_date": "2017-10-24T19:07:43Z", "seen_date": "2017-10-28T22:09:01.548Z"}}, {"model": "user_messages.message", "pk": 56, "fields": {"user_from": 22, "user_to": 11, "title": "iytd i", "message": "tf ottfouf", "seen": true, "sender_deleted": false, "receiver_deleted": false, "sent_date": "2017-10-24T19:08:01Z", "seen_date": "2017-10-30T00:26:44.132Z"}}, {"model": "user_messages.message", "pk": 57, "fields": {"user_from": 21, "user_to": 13, "title": "xitfo yooyoboyuf", "message": "cukyudoudotdyrx i dry ris irdirdird", "seen": true, "sender_deleted": false, "receiver_deleted": true, "sent_date": "2017-10-24T19:08:12Z", "seen_date": null}}, {"model": "user_messages.message", "pk": 59, "fields": {"user_from": 2, "user_to": 13, "title": "ztii ir ird", "message": "tydyiitdyifxkc tyd yid r ir irsri itr r i", "seen": true, "sender_deleted": false, "receiver_deleted": false, "sent_date": "2017-10-24T19:08:50Z", "seen_date": "2017-10-28T22:54:45.283Z"}}, {"model": "user_messages.message", "pk": 60, "fields": {"user_from": 13, "user_to": 11, "title": "tydoyo tydyd", "message": "liuyfu yu fu", "seen": true, "sender_deleted": true, "receiver_deleted": false, "sent_date": "2017-10-24T19:09:06Z", "seen_date": "2017-10-30T00:26:47.876Z"}}, {"model": "user_messages.message", "pk": 61, "fields": {"user_from": 13, "user_to": 11, "title": "utdodt oytd", "message": "dutd utd td ut uof oo o o o offoutudtuod", "seen": true, "sender_deleted": false, "receiver_deleted": false, "sent_date": "2017-10-24T19:09:19Z", "seen_date": "2017-10-30T00:26:51.398Z"}}, {"model": "user_messages.message", "pk": 62, "fields": {"user_from": 11, "user_to": 22, "title": "gtdo otd", "message": "tydoy o dody", "seen": false, "sender_deleted": false, "receiver_deleted": true, "sent_date": "2017-10-24T19:09:34Z", "seen_date": null}}, {"model": "user_messages.message", "pk": 63, "fields": {"user_from": 11, "user_to": 19, "title": "tdotd tdot t", "message": "tyd ytd  o o o o o", "seen": true, "sender_deleted": false, "receiver_deleted": false, "sent_date": "2017-10-24T19:09:46Z", "seen_date": "2017-10-29T14:10:56.434Z"}}, {"model": "user_messages.message", "pk": 67, "fields": {"user_from": 32, "user_to": 18, "title": "this is my test message", "message": "Hope you receive it! Also, let me know how you are :)\r\n\r\nOh, I nearly forgot - are you busy next week?\r\n\r\nRegards,\r\n\r\nperson_10", "seen": true, "sender_deleted": false, "receiver_deleted": true, "sent_date": "2017-10-27T00:30:59.243Z", "seen_date": null}}, {"model": "user_messages.message", "pk": 68, "fields": {"user_from": 20, "user_to": 17, "title": "ha! ha! ha!", "message": "Violas are really realllly funny :)\r\n\r\nNice username too.", "seen": true, "sender_deleted": false, "receiver_deleted": false, "sent_date": "2017-10-27T01:24:17.581Z", "seen_date": "2017-10-30T00:55:47.427Z"}}, {"model": "user_messages.message", "pk": 70, "fields": {"user_from": 17, "user_to": 20, "title": "You joker!", "message": "But seriously, how would you like to meet up - next Friday, around 1:43pm. In a pub - hell, pick any pub you like. Yes, any in the entire country. Or even the world. Yes - I will make it to any pub in the world, at precisely 1:43 tomorrow. You'd better have your viola there ;)", "seen": true, "sender_deleted": false, "receiver_deleted": false, "sent_date": "2017-10-27T01:35:08.975Z", "seen_date": "2017-10-30T00:39:24.723Z"}}, {"model": "user_messages.message", "pk": 71, "fields": {"user_from": 13, "user_to": 18, "title": "how are you?", "message": "I'm ok, thanks.\r\n\r\nHow\r\nabout\r\nyou?", "seen": true, "sender_deleted": false, "receiver_deleted": false, "sent_date": "2017-10-27T21:49:02.101Z", "seen_date": "2017-11-28T23:05:45.361Z"}}, {"model": "user_messages.message", "pk": 72, "fields": {"user_from": 18, "user_to": 13, "title": "this is a test", "message": "It\r\n\r\nreally\r\n\r\nis\r\n\r\na\r\n\r\n\r\n\r\n   test :)", "seen": true, "sender_deleted": false, "receiver_deleted": false, "sent_date": "2017-10-27T22:50:42.113Z", "seen_date": "2017-10-30T00:58:54.602Z"}}, {"model": "user_messages.message", "pk": 74, "fields": {"user_from": 18, "user_to": 13, "title": "test again", "message": "because\r\nI'd\r\nr e  a    l     l      y\r\n\r\nlike\r\n\r\n\r\n\r\n\r\nto\r\nknow\r\nif\r\n\r\n\r\n\r\n\r\n.....\r\n\r\nthis\r\n\r\n.\r\n..\r\n...\r\n....\r\n.....\r\n\r\nworks", "seen": true, "sender_deleted": false, "receiver_deleted": false, "sent_date": "2017-10-27T22:54:20.450Z", "seen_date": "2017-10-30T00:58:37.325Z"}}, {"model": "user_messages.message", "pk": 75, "fields": {"user_from": 13, "user_to": 18, "title": "bobo", "message": "a b c                             !!!", "seen": true, "sender_deleted": false, "receiver_deleted": false, "sent_date": "2017-10-27T23:21:43.636Z", "seen_date": "2017-10-28T22:34:44.856Z"}}, {"model": "user_messages.message", "pk": 76, "fields": {"user_from": 18, "user_to": 13, "title": "RE: bobo", "message": "Hey luce darling, how are you these days? Want to come to my place tomoz?\r\n\r\n----------Replying to:----------\r\na b c                             !!!", "seen": true, "sender_deleted": false, "receiver_deleted": false, "sent_date": "2017-10-27T23:41:08.226Z", "seen_date": "2017-11-27T20:18:31.055Z"}}, {"model": "user_messages.message", "pk": 77, "fields": {"user_from": 22, "user_to": 19, "title": "how are things down there?", "message": "boo, and all that. This is great, innit?", "seen": true, "sender_deleted": false, "receiver_deleted": false, "sent_date": "2017-10-28T07:01:15.140Z", "seen_date": "2017-10-31T20:11:28.795Z"}}, {"model": "user_messages.message", "pk": 78, "fields": {"user_from": 19, "user_to": 22, "title": "RE: how are things down there?", "message": "nice message :)\r\n\r\n----------Replying to:----------\r\nboo, and all that. This is great, innit?", "seen": true, "sender_deleted": false, "receiver_deleted": false, "sent_date": "2017-10-28T07:08:18.793Z", "seen_date": "2017-10-31T20:27:05.799Z"}}, {"model": "user_messages.message", "pk": 79, "fields": {"user_from": 13, "user_to": 18, "title": "RE: test again", "message": "So\r\n\r\nD o\r\n\r\ne\r\ns\r\n\r\nthis work n     o      w\r\n?\r\n?\r\n\r\n?\r\n\r\n----------Replying to:----------\r\nbecause\r\nI'd\r\nr e  a    l     l      y\r\n\r\nlike\r\n\r\n\r\n\r\n\r\nto\r\nknow\r\nif\r\n\r\n\r\n\r\n\r\n.....\r\n\r\nthis\r\n\r\n.\r\n..\r\n...\r\n....\r\n.....\r\n\r\nworks", "seen": true, "sender_deleted": true, "receiver_deleted": false, "sent_date": "2017-10-28T19:41:12.805Z", "seen_date": "2017-10-30T00:55:03.460Z"}}, {"model": "user_messages.message", "pk": 80, "fields": {"user_from": 18, "user_to": 13, "title": "RE: how are you?", "message": "T\r\n h\r\n  i\r\n   n\r\n    g\r\n     s\r\n\r\narrrrrre\r\n\r\n\r\n\r\n\r\n\r\n\r\n\r\nlooking good, thanks :)\r\n\r\n----------Replying to:----------\r\nI'm ok, thanks.\r\n\r\nHow\r\nabout\r\nyou?", "seen": true, "sender_deleted": false, "receiver_deleted": false, "sent_date": "2017-10-28T22:35:28.334Z", "seen_date": "2017-11-27T20:18:16.589Z"}}, {"model": "user_messages.message", "pk": 81, "fields": {"user_from": 22, "user_to": 19, "title": "random message", "message": "Please excuse me - I just felt a bit like it?\r\n\r\nSeriously though, how are things?\r\n\r\nPlz reply.", "seen": true, "sender_deleted": false, "receiver_deleted": false, "sent_date": "2017-10-29T14:10:17.072Z", "seen_date": "2017-10-30T00:32:45.282Z"}}, {"model": "user_messages.message", "pk": 82, "fields": {"user_from": 19, "user_to": 12, "title": "fancy a meetup?", "message": "As above.\r\n\r\nPS: love your username :)", "seen": false, "sender_deleted": true, "receiver_deleted": false, "sent_date": "2017-10-31T20:11:00.711Z", "seen_date": null}}, {"model": "user_messages.message", "pk": 83, "fields": {"user_from": 19, "user_to": 22, "title": "RE: how are things down there?", "message": "Yes, it is.\r\n\r\nInnit? ;)\r\n\r\n----------Replying to----------\r\nboo, and all that. This is great, innit?", "seen": true, "sender_deleted": false, "receiver_deleted": false, "sent_date": "2017-10-31T20:26:43.554Z", "seen_date": "2017-10-31T20:27:09.692Z"}}, {"model": "user_messages.message", "pk": 84, "fields": {"user_from": 26, "user_to": 30, "title": "howdy", "message": "How.\r\n\r\nIs.\r\n\r\nItgoingmymate??\r\n\r\n;)", "seen": true, "sender_deleted": false, "receiver_deleted": false, "sent_date": "2017-11-15T01:49:43.890Z", "seen_date": "2017-11-15T01:52:30.117Z"}}, {"model": "user_messages.message", "pk": 85, "fields": {"user_from": 13, "user_to": 18, "title": "some kind of test", "message": "Because I kinda felt like it?\r\n\r\nY'know.", "seen": true, "sender_deleted": false, "receiver_deleted": false, "sent_date": "2017-11-15T01:53:32.658Z", "seen_date": "2017-11-15T01:56:05.680Z"}}, {"model": "user_messages.message", "pk": 86, "fields": {"user_from": 18, "user_to": 20, "title": "you...", "message": "...are just amazing. I mean, you *really* do take the cake.\r\n\r\nIn a good way? Not yet sure. Why don't you come see me on Sat and we can find out ;)", "seen": true, "sender_deleted": false, "receiver_deleted": false, "sent_date": "2017-11-15T01:57:05.676Z", "seen_date": "2017-11-20T22:25:51.266Z"}}, {"model": "user_messages.message", "pk": 87, "fields": {"user_from": 22, "user_to": 22, "title": "a little message to the cleverest person I know", "message": ";)", "seen": true, "sender_deleted": false, "receiver_deleted": false, "sent_date": "2017-11-15T01:58:50.976Z", "seen_date": "2017-11-15T01:59:00.941Z"}}, {"model": "user_messages.message", "pk": 88, "fields": {"user_from": 20, "user_to": 18, "title": "yo!", "message": "How's it going? Fancy a drink on Friday night?\r\n\r\nIf you bring your cello we could even make random music afterwards!", "seen": true, "sender_deleted": false, "receiver_deleted": false, "sent_date": "2017-11-20T22:25:41.761Z", "seen_date": "2017-11-20T22:26:34.367Z"}}, {"model": "user_messages.message", "pk": 89, "fields": {"user_from": 18, "user_to": 20, "title": "RE: yo!", "message": "Ha ha ha. You joker.\r\n\r\nSeriously though - yes of course I'd be up for that! See you Fri! How does 8:30 sound, in the pub opposite yours?\r\n\r\n----------Replying to----------\r\nHow's it going? Fancy a drink on Friday night?\r\n\r\nIf you bring your cello we could even make random music afterwards!", "seen": true, "sender_deleted": false, "receiver_deleted": false, "sent_date": "2017-11-20T22:27:11.880Z", "seen_date": "2017-11-20T22:27:45.682Z"}}, {"model": "user_messages.message", "pk": 90, "fields": {"user_from": 13, "user_to": 19, "title": "peekbo", "message": "I have a thing to tell you ;)", "seen": true, "sender_deleted": false, "receiver_deleted": false, "sent_date": "2017-11-25T20:21:52.211Z", "seen_date": "2017-11-29T20:26:20.168Z"}}, {"model": "user_messages.message", "pk": 91, "fields": {"user_from": 23, "user_to": 17, "title": "xxxx", "message": "some stuff.\r\n\r\nJust needed to,\r\n\r\nyou know..\r\n\r\n\r\nSAAAAY stuff", "seen": true, "sender_deleted": false, "receiver_deleted": false, "sent_date": "2017-11-25T20:43:11.559Z", "seen_date": "2017-11-25T21:00:17.682Z"}}, {"model": "user_messages.message", "pk": 92, "fields": {"user_from": 21, "user_to": 22, "title": "hi", "message": "Are you interested in meeting up - take a look at my profile.", "seen": false, "sender_deleted": false, "receiver_deleted": false, "sent_date": "2017-11-27T21:55:48.763Z", "seen_date": null}}, {"model": "user_messages.message", "pk": 93, "fields": {"user_from": 19, "user_to": 13, "title": "RE: peekbo", "message": "Sorry, been busy - only just seen this. What's the secret?\r\n\r\n----------Replying to----------\r\nI have a thing to tell you ;)", "seen": true, "sender_deleted": false, "receiver_deleted": false, "sent_date": "2017-11-29T20:26:43.066Z", "seen_date": "2017-12-03T00:43:39.187Z"}}, {"model": "groups.group", "pk": 30, "fields": {"name": "daffodil trio!", "description": "A fake group based around trying to find a piano trio in Wales. Not sure how likes_everything (from England) ended up here!!", "members": [25, 33], "desired_instruments": [3]}}, {"model": "groups.group", "pk": 40, "fields": {"name": "multitasking!", "description": "This group is not real and only exists to test the site's groups functionality", "members": [23, 10], "desired_instruments": [2, 4]}}, {"model": "groups.group", "pk": 41, "fields": {"name": "test on duplicates", "description": "This group is not real and only exists to test the site's groups functionality - in particular in this case to test that it is not possible to invite a user to a group they are already in.", "members": [10], "desired_instruments": [3]}}, {"model": "groups.group", "pk": 42, "fields": {"name": "Cool!", "description": "This group is not real and only exists to test the site's groups functionality", "members": [19, 24, 33, 45], "desired_instruments": [6, 7]}}, {"model": "groups.group", "pk": 43, "fields": {"name": "you like everything, right? ;)", "description": "This group is not real and only exists to test the site's groups functionality. Its name is a play on that of one of its members (who is of course not a real user).", "members": [6, 37], "desired_instruments": [9, 5]}}, {"model": "groups.group", "pk": 44, "fields": {"name": "people", "description": "This group is not real and only exists to test the site's groups functionality", "members": [19, 20], "desired_instruments": [2, 3, 8]}}, {"model": "groups.group", "pk": 45, "fields": {"name": "thingummy", "description": "This group is not real and only exists to test the site's groups functionality", "members": [33, 29], "desired_instruments": [7]}}, {"model": "groups.invitation", "pk": 40, "fields": {"inviting_user": 13, "invited_user": 19, "invited_instrument": 5, "group": 43}}, {"model": "groups.groupthread", "pk": 1, "fields": {"group": 44, "name": "hiya!", "started_by": 18, "last_post": "2017-11-29T01:07:08.014Z"}}, {"model": "groups.groupthread", "pk": 5, "fields": {"group": 42, "name": "come on people...", "started_by": 18, "last_post": "2017-11-30T21:48:21.548Z"}}, {"model": "groups.groupthread", "pk": 6, "fields": {"group": 42, "name": "another test, folks!", "started_by": 18, "last_post": "2017-11-30T21:14:44.744Z"}}, {"model": "groups.groupthread", "pk": 7, "fields": {"group": 42, "name": "this might do it", "started_by": 18, "last_post": "2017-11-30T21:15:08.566Z"}}, {"model": "groups.groupthread", "pk": 8, "fields": {"group": 42, "name": "#4", "started_by": 18, "last_post": "2017-11-30T21:16:16.119Z"}}, {"model": "groups.groupthread", "pk": 9, "fields": {"group": 42, "name": "#5 (just to test how the page-size of 10 looks in practice)", "started_by": 18, "last_post": "2017-11-30T21:16:40.259Z"}}, {"model": "groups.groupthread", "pk": 10, "fields": {"group": 42, "name": "#6", "started_by": 18, "last_post": "2017-11-30T21:16:55.426Z"}}, {"model": "groups.groupthread", "pk": 11, "fields": {"group": 42, "name": "#7", "started_by": 18, "last_post": "2017-11-30T21:22:29.536Z"}}, {"model": "groups.groupthread", "pk": 12, "fields": {"group": 42, "name": "#8", "started_by": 18, "last_post": "2017-11-30T21:22:51.510Z"}}, {"model": "groups.groupthread", "pk": 13, "fields": {"group": 42, "name": "#9", "started_by": 18, "last_post": "2017-11-30T21:23:14.613Z"}}, {"model": "groups.groupthread", "pk": 14, "fields": {"group": 42, "name": "#10", "started_by": 18, "last_post": "2017-11-30T21:23:26.891Z"}}, {"model": "groups.groupthread", "pk": 15, "fields": {"group": 42, "name": "#11", "started_by": 18, "last_post": "2017-11-30T21:23:59.479Z"}}, {"model": "groups.groupthread", "pk": 16, "fields": {"group": 30, "name": "We should talk!", "started_by": 13, "last_post": "2017-12-03T21:23:43.475Z"}}, {"model": "groups.groupmessage", "pk": 1, "fields": {"thread": 1, "author": 18, "message": "this is a kind of test ;)", "posted_date": "2017-11-29T01:07:08.012Z"}}, {"model": "groups.groupmessage", "pk": 8, "fields": {"thread": 1, "author": 19, "message": "looks like this one worked too!\r\n\r\nHi welshie - how are you?", "posted_date": "2017-11-29T23:16:23.649Z"}}, {"model": "groups.groupmessage", "pk": 12, "fields": {"thread": 5, "author": 18, "message": "Let's get talking!!", "posted_date": "2017-11-30T01:14:58.565Z"}}, {"model": "groups.groupmessage", "pk": 13, "fields": {"thread": 1, "author": 18, "message": "cool! I'm not bad - although a little pissed off about something that happened today. I'll tell ya later.\r\n\r\nTo everyone: when are we making sweet love? Oops, I meant sweet MUSIC :D", "posted_date": "2017-11-30T01:17:35.610Z"}}, {"model": "groups.groupmessage", "pk": 14, "fields": {"thread": 6, "author": 18, "message": "Just want to see how these next few threads are displayed. Feel free to ignore ;)", "posted_date": "2017-11-30T21:14:44.742Z"}}, {"model": "groups.groupmessage", "pk": 15, "fields": {"thread": 7, "author": 18, "message": "Yes, another test. Just move along.", "posted_date": "2017-11-30T21:15:08.564Z"}}, {"model": "groups.groupmessage", "pk": 16, "fields": {"thread": 8, "author": 18, "message": "...", "posted_date": "2017-11-30T21:16:16.118Z"}}, {"model": "groups.groupmessage", "pk": 17, "fields": {"thread": 9, "author": 18, "message": "stuffz", "posted_date": "2017-11-30T21:16:40.257Z"}}, {"model": "groups.groupmessage", "pk": 18, "fields": {"thread": 10, "author": 18, "message": "count'em, folks!", "posted_date": "2017-11-30T21:16:55.424Z"}}, {"model": "groups.groupmessage", "pk": 19, "fields": {"thread": 11, "author": 18, "message": "just in case anyone's reading:\r\n\r\n\r\n\r\n\r\n\r\n\r\n\r\n\r\n\r\n\r\n\r\n\r\n\r\n\r\n\r\nBOOOOO!!", "posted_date": "2017-11-30T21:22:29.535Z"}}, {"model": "groups.groupmessage", "pk": 20, "fields": {"thread": 12, "author": 18, "message": "getting there...", "posted_date": "2017-11-30T21:22:51.509Z"}}, {"model": "groups.groupmessage", "pk": 21, "fields": {"thread": 13, "author": 18, "message": ".....", "posted_date": "2017-11-30T21:23:14.612Z"}}, {"model": "groups.groupmessage", "pk": 22, "fields": {"thread": 14, "author": 18, "message": "last one for this page...", "posted_date": "2017-11-30T21:23:26.890Z"}}, {"model": "groups.groupmessage", "pk": 23, "fields": {"thread": 15, "author": 18, "message": "and this one, folks, will kick the oldest thread off on to the next page.\r\n\r\nAt least until someone posts there :)", "posted_date": "2017-11-30T21:23:59.477Z"}}, {"model": "groups.groupmessage", "pk": 24, "fields": {"thread": 5, "author": 27, "message": "OK, let's kick this off:\r\n\r\nTchaikovsjy. Is it just me, or is all his music mediocre at best - and usually simple shit?\r\n\r\nDiscuss please!", "posted_date": "2017-11-30T21:44:49.693Z"}}, {"model": "groups.groupmessage", "pk": 25, "fields": {"thread": 5, "author": 27, "message": "Actually I think it's pretty uncontroversial.", "posted_date": "2017-11-30T21:46:53.323Z"}}, {"model": "groups.groupmessage", "pk": 26, "fields": {"thread": 5, "author": 13, "message": "Couldn't disagree more. Disgraceful statement!!", "posted_date": "2017-11-30T21:48:21.457Z"}}, {"model": "groups.groupmessage", "pk": 27, "fields": {"thread": 16, "author": 13, "message": "So let's do it! Tell me what you wanna talk about, peeps!", "posted_date": "2017-12-03T21:23:43.473Z"}}, {"model": "admin.logentry", "pk": 1, "fields": {"action_time": "2017-10-08T07:38:30.605Z", "user": 1, "content_type": 8, "object_id": "2", "object_repr": "5", "action_flag": 1, "change_message": "[{\"added\": {}}]"}}, {"model": "admin.logentry", "pk": 2, "fields": {"action_time": "2017-10-08T07:38:36.161Z", "user": 1, "content_type": 8, "object_id": "3", "object_repr": "10", "action_flag": 1, "change_message": "[{\"added\": {}}]"}}, {"model": "admin.logentry", "pk": 3, "fields": {"action_time": "2017-10-08T07:38:41.278Z", "user": 1, "content_type": 8, "object_id": "4", "object_repr": "20", "action_flag": 1, "change_message": "[{\"added\": {}}]"}}, {"model": "admin.logentry", "pk": 4, "fields": {"action_time": "2017-10-08T07:38:44.192Z", "user": 1, "content_type": 8, "object_id": "5", "object_repr": "30", "action_flag": 1, "change_message": "[{\"added\": {}}]"}}, {"model": "admin.logentry", "pk": 5, "fields": {"action_time": "2017-10-08T07:38:47.480Z", "user": 1, "content_type": 8, "object_id": "6", "object_repr": "50", "action_flag": 1, "change_message": "[{\"added\": {}}]"}}, {"model": "admin.logentry", "pk": 6, "fields": {"action_time": "2017-10-08T07:39:19.509Z", "user": 1, "content_type": 11, "object_id": "1", "object_repr": "piano", "action_flag": 1, "change_message": "[{\"added\": {}}]"}}, {"model": "admin.logentry", "pk": 7, "fields": {"action_time": "2017-10-08T07:39:23.210Z", "user": 1, "content_type": 11, "object_id": "2", "object_repr": "violin", "action_flag": 1, "change_message": "[{\"added\": {}}]"}}, {"model": "admin.logentry", "pk": 8, "fields": {"action_time": "2017-10-08T07:39:26.006Z", "user": 1, "content_type": 11, "object_id": "3", "object_repr": "viola", "action_flag": 1, "change_message": "[{\"added\": {}}]"}}, {"model": "admin.logentry", "pk": 9, "fields": {"action_time": "2017-10-08T07:39:32.063Z", "user": 1, "content_type": 11, "object_id": "4", "object_repr": "cello", "action_flag": 1, "change_message": "[{\"added\": {}}]"}}, {"model": "admin.logentry", "pk": 10, "fields": {"action_time": "2017-10-08T07:39:35.653Z", "user": 1, "content_type": 11, "object_id": "5", "object_repr": "flute", "action_flag": 1, "change_message": "[{\"added\": {}}]"}}, {"model": "admin.logentry", "pk": 11, "fields": {"action_time": "2017-10-08T07:39:42.570Z", "user": 1, "content_type": 11, "object_id": "6", "object_repr": "oboe", "action_flag": 1, "change_message": "[{\"added\": {}}]"}}, {"model": "admin.logentry", "pk": 12, "fields": {"action_time": "2017-10-08T07:39:45.876Z", "user": 1, "content_type": 11, "object_id": "7", "object_repr": "clarinet", "action_flag": 1, "change_message": "[{\"added\": {}}]"}}, {"model": "admin.logentry", "pk": 13, "fields": {"action_time": "2017-10-08T07:39:49.099Z", "user": 1, "content_type": 11, "object_id": "8", "object_repr": "bassoon", "action_flag": 1, "change_message": "[{\"added\": {}}]"}}, {"model": "admin.logentry", "pk": 14, "fields": {"action_time": "2017-10-08T07:39:58.336Z", "user": 1, "content_type": 11, "object_id": "9", "object_repr": "horn", "action_flag": 1, "change_message": "[{\"added\": {}}]"}}, {"model": "admin.logentry", "pk": 15, "fields": {"action_time": "2017-10-08T07:40:35.181Z", "user": 1, "content_type": 10, "object_id": "1", "object_repr": "professional", "action_flag": 1, "change_message": "[{\"added\": {}}]"}}, {"model": "admin.logentry", "pk": 16, "fields": {"action_time": "2017-10-08T07:42:43.894Z", "user": 1, "content_type": 10, "object_id": "2", "object_repr": "amateur of near-professional standard", "action_flag": 1, "change_message": "[{\"added\": {}}]"}}, {"model": "admin.logentry", "pk": 17, "fields": {"action_time": "2017-10-08T07:44:59.171Z", "user": 1, "content_type": 10, "object_id": "3", "object_repr": "good (ABRSM grade 8+)", "action_flag": 1, "change_message": "[{\"added\": {}}]"}}, {"model": "admin.logentry", "pk": 18, "fields": {"action_time": "2017-10-08T07:45:08.834Z", "user": 1, "content_type": 10, "object_id": "4", "object_repr": "intermediate (ABRSM grade 5-7)", "action_flag": 1, "change_message": "[{\"added\": {}}]"}}, {"model": "admin.logentry", "pk": 19, "fields": {"action_time": "2017-10-08T07:45:28.117Z", "user": 1, "content_type": 10, "object_id": "5", "object_repr": "beginner (ABRSM grade 4 or less)", "action_flag": 1, "change_message": "[{\"added\": {}}]"}}, {"model": "admin.logentry", "pk": 20, "fields": {"action_time": "2017-10-08T22:27:24.169Z", "user": 1, "content_type": 4, "object_id": "4", "object_repr": "random", "action_flag": 3, "change_message": ""}}, {"model": "admin.logentry", "pk": 21, "fields": {"action_time": "2017-10-08T22:27:24.184Z", "user": 1, "content_type": 4, "object_id": "3", "object_repr": "someone", "action_flag": 3, "change_message": ""}}, {"model": "admin.logentry", "pk": 22, "fields": {"action_time": "2017-10-08T22:27:24.188Z", "user": 1, "content_type": 4, "object_id": "5", "object_repr": "whoever", "action_flag": 3, "change_message": ""}}, {"model": "admin.logentry", "pk": 23, "fields": {"action_time": "2017-10-08T23:17:16.432Z", "user": 1, "content_type": 4, "object_id": "7", "object_repr": "abc", "action_flag": 3, "change_message": ""}}, {"model": "admin.logentry", "pk": 24, "fields": {"action_time": "2017-10-08T23:17:16.520Z", "user": 1, "content_type": 4, "object_id": "6", "object_repr": "blob", "action_flag": 3, "change_message": ""}}, {"model": "admin.logentry", "pk": 25, "fields": {"action_time": "2017-10-08T23:17:16.525Z", "user": 1, "content_type": 4, "object_id": "8", "object_repr": "somebody", "action_flag": 3, "change_message": ""}}, {"model": "admin.logentry", "pk": 26, "fields": {"action_time": "2017-10-09T20:45:57.516Z", "user": 1, "content_type": 4, "object_id": "10", "object_repr": "abc", "action_flag": 3, "change_message": ""}}, {"model": "admin.logentry", "pk": 27, "fields": {"action_time": "2017-10-09T20:45:57.603Z", "user": 1, "content_type": 4, "object_id": "9", "object_repr": "blah", "action_flag": 3, "change_message": ""}}, {"model": "admin.logentry", "pk": 28, "fields": {"action_time": "2017-10-11T19:02:18.925Z", "user": 1, "content_type": 7, "object_id": "3", "object_repr": "someone, piano", "action_flag": 1, "change_message": "[{\"added\": {}}]"}}, {"model": "admin.logentry", "pk": 29, "fields": {"action_time": "2017-10-11T19:02:55.274Z", "user": 1, "content_type": 7, "object_id": "4", "object_repr": "someone, violin", "action_flag": 1, "change_message": "[{\"added\": {}}]"}}, {"model": "admin.logentry", "pk": 30, "fields": {"action_time": "2017-10-11T19:03:40.279Z", "user": 1, "content_type": 7, "object_id": "4", "object_repr": "someone, violin", "action_flag": 3, "change_message": ""}}, {"model": "admin.logentry", "pk": 31, "fields": {"action_time": "2017-10-11T19:03:40.425Z", "user": 1, "content_type": 7, "object_id": "3", "object_repr": "someone, piano", "action_flag": 3, "change_message": ""}}, {"model": "admin.logentry", "pk": 32, "fields": {"action_time": "2017-10-13T00:28:59.610Z", "user": 1, "content_type": 9, "object_id": "2", "object_repr": "robinz", "action_flag": 3, "change_message": ""}}, {"model": "admin.logentry", "pk": 33, "fields": {"action_time": "2017-10-13T00:30:02.278Z", "user": 1, "content_type": 9, "object_id": "4", "object_repr": "admin", "action_flag": 3, "change_message": ""}}, {"model": "admin.logentry", "pk": 34, "fields": {"action_time": "2017-10-13T16:32:22.127Z", "user": 1, "content_type": 4, "object_id": "14", "object_repr": "noemail", "action_flag": 3, "change_message": ""}}, {"model": "admin.logentry", "pk": 35, "fields": {"action_time": "2017-10-16T23:33:34.965Z", "user": 1, "content_type": 4, "object_id": "15", "object_repr": "viola_joke", "action_flag": 3, "change_message": ""}}, {"model": "admin.logentry", "pk": 36, "fields": {"action_time": "2017-10-16T23:38:11.680Z", "user": 1, "content_type": 4, "object_id": "16", "object_repr": "viola_joke", "action_flag": 3, "change_message": ""}}, {"model": "admin.logentry", "pk": 37, "fields": {"action_time": "2017-10-21T19:35:25.609Z", "user": 1, "content_type": 12, "object_id": "1", "object_repr": "Message object", "action_flag": 1, "change_message": "[{\"added\": {}}]"}}, {"model": "admin.logentry", "pk": 38, "fields": {"action_time": "2017-10-21T20:55:38.082Z", "user": 1, "content_type": 12, "object_id": "1", "object_repr": "Hey there Lucy babes, how are ", "action_flag": 3, "change_message": ""}}, {"model": "admin.logentry", "pk": 39, "fields": {"action_time": "2017-10-22T20:35:16.570Z", "user": 1, "content_type": 12, "object_id": "2", "object_repr": "test message 1", "action_flag": 1, "change_message": "[{\"added\": {}}]"}}, {"model": "admin.logentry", "pk": 40, "fields": {"action_time": "2017-10-22T20:35:49.733Z", "user": 1, "content_type": 12, "object_id": "3", "object_repr": "hiya", "action_flag": 1, "change_message": "[{\"added\": {}}]"}}, {"model": "admin.logentry", "pk": 41, "fields": {"action_time": "2017-10-22T20:36:25.061Z", "user": 1, "content_type": 12, "object_id": "4", "object_repr": "greetings from Kazahstan!", "action_flag": 1, "change_message": "[{\"added\": {}}]"}}, {"model": "admin.logentry", "pk": 42, "fields": {"action_time": "2017-10-22T20:36:55.939Z", "user": 1, "content_type": 12, "object_id": "5", "object_repr": "interested in a meetup?", "action_flag": 1, "change_message": "[{\"added\": {}}]"}}, {"model": "admin.logentry", "pk": 43, "fields": {"action_time": "2017-10-22T21:48:18.829Z", "user": 1, "content_type": 12, "object_id": "5", "object_repr": "interested in a meetup?", "action_flag": 2, "change_message": "[{\"changed\": {\"fields\": [\"sent_date\"]}}]"}}, {"model": "admin.logentry", "pk": 44, "fields": {"action_time": "2017-10-22T21:48:38.908Z", "user": 1, "content_type": 12, "object_id": "4", "object_repr": "greetings from Kazahstan!", "action_flag": 2, "change_message": "[{\"changed\": {\"fields\": [\"sent_date\"]}}]"}}, {"model": "admin.logentry", "pk": 45, "fields": {"action_time": "2017-10-22T21:49:00.403Z", "user": 1, "content_type": 12, "object_id": "3", "object_repr": "hiya", "action_flag": 2, "change_message": "[{\"changed\": {\"fields\": [\"sent_date\"]}}]"}}, {"model": "admin.logentry", "pk": 46, "fields": {"action_time": "2017-10-22T22:34:52.192Z", "user": 1, "content_type": 12, "object_id": "5", "object_repr": "interested in a meetup?", "action_flag": 2, "change_message": "[{\"changed\": {\"fields\": [\"seen\"]}}]"}}, {"model": "admin.logentry", "pk": 47, "fields": {"action_time": "2017-10-23T20:50:35.799Z", "user": 1, "content_type": 12, "object_id": "5", "object_repr": "interested in a meetup?", "action_flag": 2, "change_message": "[{\"changed\": {\"fields\": [\"receiver_deleted\"]}}]"}}, {"model": "admin.logentry", "pk": 48, "fields": {"action_time": "2017-10-23T21:30:37.476Z", "user": 1, "content_type": 12, "object_id": "6", "object_repr": "test", "action_flag": 1, "change_message": "[{\"added\": {}}]"}}, {"model": "admin.logentry", "pk": 49, "fields": {"action_time": "2017-10-23T21:30:54.981Z", "user": 1, "content_type": 12, "object_id": "7", "object_repr": "boo!", "action_flag": 1, "change_message": "[{\"added\": {}}]"}}, {"model": "admin.logentry", "pk": 50, "fields": {"action_time": "2017-10-23T21:31:16.012Z", "user": 1, "content_type": 12, "object_id": "8", "object_repr": "something", "action_flag": 1, "change_message": "[{\"added\": {}}]"}}, {"model": "admin.logentry", "pk": 51, "fields": {"action_time": "2017-10-23T21:31:36.412Z", "user": 1, "content_type": 12, "object_id": "9", "object_repr": "bliblablo", "action_flag": 1, "change_message": "[{\"added\": {}}]"}}, {"model": "admin.logentry", "pk": 52, "fields": {"action_time": "2017-10-23T21:31:53.769Z", "user": 1, "content_type": 12, "object_id": "10", "object_repr": "attention!", "action_flag": 1, "change_message": "[{\"added\": {}}]"}}, {"model": "admin.logentry", "pk": 53, "fields": {"action_time": "2017-10-23T21:32:11.342Z", "user": 1, "content_type": 12, "object_id": "11", "object_repr": "this is a message", "action_flag": 1, "change_message": "[{\"added\": {}}]"}}, {"model": "admin.logentry", "pk": 54, "fields": {"action_time": "2017-10-23T21:32:42.778Z", "user": 1, "content_type": 12, "object_id": "12", "object_repr": "'eyup!", "action_flag": 1, "change_message": "[{\"added\": {}}]"}}, {"model": "admin.logentry", "pk": 55, "fields": {"action_time": "2017-10-23T21:33:16.223Z", "user": 1, "content_type": 12, "object_id": "13", "object_repr": "who are you?", "action_flag": 1, "change_message": "[{\"added\": {}}]"}}, {"model": "admin.logentry", "pk": 56, "fields": {"action_time": "2017-10-23T21:33:34.645Z", "user": 1, "content_type": 12, "object_id": "14", "object_repr": "just wondering...", "action_flag": 1, "change_message": "[{\"added\": {}}]"}}, {"model": "admin.logentry", "pk": 57, "fields": {"action_time": "2017-10-23T21:33:58.287Z", "user": 1, "content_type": 12, "object_id": "15", "object_repr": "we need to talk", "action_flag": 1, "change_message": "[{\"added\": {}}]"}}, {"model": "admin.logentry", "pk": 58, "fields": {"action_time": "2017-10-23T21:34:30.733Z", "user": 1, "content_type": 12, "object_id": "16", "object_repr": "how's it going?", "action_flag": 1, "change_message": "[{\"added\": {}}]"}}, {"model": "admin.logentry", "pk": 59, "fields": {"action_time": "2017-10-23T21:34:51.584Z", "user": 1, "content_type": 12, "object_id": "17", "object_repr": "akjdfkjh", "action_flag": 1, "change_message": "[{\"added\": {}}]"}}, {"model": "admin.logentry", "pk": 60, "fields": {"action_time": "2017-10-23T21:35:07.216Z", "user": 1, "content_type": 12, "object_id": "18", "object_repr": "asdfoaufho", "action_flag": 1, "change_message": "[{\"added\": {}}]"}}, {"model": "admin.logentry", "pk": 61, "fields": {"action_time": "2017-10-23T21:35:17.269Z", "user": 1, "content_type": 12, "object_id": "19", "object_repr": "fgiudgfiuw", "action_flag": 1, "change_message": "[{\"added\": {}}]"}}, {"model": "admin.logentry", "pk": 62, "fields": {"action_time": "2017-10-23T21:35:30.144Z", "user": 1, "content_type": 12, "object_id": "20", "object_repr": "hfofhwoh", "action_flag": 1, "change_message": "[{\"added\": {}}]"}}, {"model": "admin.logentry", "pk": 63, "fields": {"action_time": "2017-10-23T21:35:52.692Z", "user": 1, "content_type": 12, "object_id": "21", "object_repr": "hgoeirgheoirgheoiegh", "action_flag": 1, "change_message": "[{\"added\": {}}]"}}, {"model": "admin.logentry", "pk": 64, "fields": {"action_time": "2017-10-23T21:36:08.945Z", "user": 1, "content_type": 12, "object_id": "22", "object_repr": "vskbjdvbkjb", "action_flag": 1, "change_message": "[{\"added\": {}}]"}}, {"model": "admin.logentry", "pk": 65, "fields": {"action_time": "2017-10-23T21:36:19.920Z", "user": 1, "content_type": 12, "object_id": "23", "object_repr": "vbeeiie", "action_flag": 1, "change_message": "[{\"added\": {}}]"}}, {"model": "admin.logentry", "pk": 66, "fields": {"action_time": "2017-10-23T21:36:31.051Z", "user": 1, "content_type": 12, "object_id": "24", "object_repr": "biuouw", "action_flag": 1, "change_message": "[{\"added\": {}}]"}}, {"model": "admin.logentry", "pk": 67, "fields": {"action_time": "2017-10-23T21:36:45.060Z", "user": 1, "content_type": 12, "object_id": "25", "object_repr": "vhvhvfusgdfh", "action_flag": 1, "change_message": "[{\"added\": {}}]"}}, {"model": "admin.logentry", "pk": 68, "fields": {"action_time": "2017-10-23T21:37:06.920Z", "user": 1, "content_type": 12, "object_id": "26", "object_repr": "fgwiufgwiuf", "action_flag": 1, "change_message": "[{\"added\": {}}]"}}, {"model": "admin.logentry", "pk": 69, "fields": {"action_time": "2017-10-23T21:37:19.086Z", "user": 1, "content_type": 12, "object_id": "27", "object_repr": "hhogifhg", "action_flag": 1, "change_message": "[{\"added\": {}}]"}}, {"model": "admin.logentry", "pk": 70, "fields": {"action_time": "2017-10-23T21:37:31.219Z", "user": 1, "content_type": 12, "object_id": "28", "object_repr": "fowuhofiwhfoi", "action_flag": 1, "change_message": "[{\"added\": {}}]"}}, {"model": "admin.logentry", "pk": 71, "fields": {"action_time": "2017-10-23T21:37:42.046Z", "user": 1, "content_type": 12, "object_id": "29", "object_repr": "ofgehgoirhgoeigho", "action_flag": 1, "change_message": "[{\"added\": {}}]"}}, {"model": "admin.logentry", "pk": 72, "fields": {"action_time": "2017-10-23T21:37:53.404Z", "user": 1, "content_type": 12, "object_id": "30", "object_repr": "foiwhoih", "action_flag": 1, "change_message": "[{\"added\": {}}]"}}, {"model": "admin.logentry", "pk": 73, "fields": {"action_time": "2017-10-23T21:38:04.430Z", "user": 1, "content_type": 12, "object_id": "31", "object_repr": "bfoihfoih", "action_flag": 1, "change_message": "[{\"added\": {}}]"}}, {"model": "admin.logentry", "pk": 74, "fields": {"action_time": "2017-10-23T21:38:19.726Z", "user": 1, "content_type": 12, "object_id": "32", "object_repr": "gougoigoihohi", "action_flag": 1, "change_message": "[{\"added\": {}}]"}}, {"model": "admin.logentry", "pk": 75, "fields": {"action_time": "2017-10-23T21:38:31.315Z", "user": 1, "content_type": 12, "object_id": "33", "object_repr": "oirhgoihgorihgioh", "action_flag": 1, "change_message": "[{\"added\": {}}]"}}, {"model": "admin.logentry", "pk": 76, "fields": {"action_time": "2017-10-23T21:38:42.487Z", "user": 1, "content_type": 12, "object_id": "34", "object_repr": "goierhgoerighero", "action_flag": 1, "change_message": "[{\"added\": {}}]"}}, {"model": "admin.logentry", "pk": 77, "fields": {"action_time": "2017-10-23T21:38:54.990Z", "user": 1, "content_type": 12, "object_id": "35", "object_repr": "oiwhogiwhgowih", "action_flag": 1, "change_message": "[{\"added\": {}}]"}}, {"model": "admin.logentry", "pk": 78, "fields": {"action_time": "2017-10-23T21:39:06.405Z", "user": 1, "content_type": 12, "object_id": "36", "object_repr": "bvoidhoidwowiv", "action_flag": 1, "change_message": "[{\"added\": {}}]"}}, {"model": "admin.logentry", "pk": 79, "fields": {"action_time": "2017-10-23T21:39:18.295Z", "user": 1, "content_type": 12, "object_id": "37", "object_repr": "boiowifoih", "action_flag": 1, "change_message": "[{\"added\": {}}]"}}, {"model": "admin.logentry", "pk": 80, "fields": {"action_time": "2017-10-23T21:39:32.469Z", "user": 1, "content_type": 12, "object_id": "38", "object_repr": "booihoijoijokmf", "action_flag": 1, "change_message": "[{\"added\": {}}]"}}, {"model": "admin.logentry", "pk": 81, "fields": {"action_time": "2017-10-23T21:39:44.340Z", "user": 1, "content_type": 12, "object_id": "39", "object_repr": "bohoijoijoijij", "action_flag": 1, "change_message": "[{\"added\": {}}]"}}, {"model": "admin.logentry", "pk": 82, "fields": {"action_time": "2017-10-23T21:39:57.767Z", "user": 1, "content_type": 12, "object_id": "40", "object_repr": "bougouhouh", "action_flag": 1, "change_message": "[{\"added\": {}}]"}}, {"model": "admin.logentry", "pk": 83, "fields": {"action_time": "2017-10-23T21:40:10.368Z", "user": 1, "content_type": 12, "object_id": "41", "object_repr": "viviuhiuhui", "action_flag": 1, "change_message": "[{\"added\": {}}]"}}, {"model": "admin.logentry", "pk": 84, "fields": {"action_time": "2017-10-23T21:40:23.344Z", "user": 1, "content_type": 12, "object_id": "42", "object_repr": "boijjijijijijijjii", "action_flag": 1, "change_message": "[{\"added\": {}}]"}}, {"model": "admin.logentry", "pk": 85, "fields": {"action_time": "2017-10-23T21:40:33.106Z", "user": 1, "content_type": 12, "object_id": "43", "object_repr": "biuhiuhi", "action_flag": 1, "change_message": "[{\"added\": {}}]"}}, {"model": "admin.logentry", "pk": 86, "fields": {"action_time": "2017-10-23T21:40:47.254Z", "user": 1, "content_type": 12, "object_id": "44", "object_repr": "cuogyugbb", "action_flag": 1, "change_message": "[{\"added\": {}}]"}}, {"model": "admin.logentry", "pk": 87, "fields": {"action_time": "2017-10-23T21:41:01.198Z", "user": 1, "content_type": 12, "object_id": "45", "object_repr": "cogubooubb", "action_flag": 1, "change_message": "[{\"added\": {}}]"}}, {"model": "admin.logentry", "pk": 88, "fields": {"action_time": "2017-10-23T21:41:13.003Z", "user": 1, "content_type": 12, "object_id": "46", "object_repr": "yoytgouyobob", "action_flag": 1, "change_message": "[{\"added\": {}}]"}}, {"model": "admin.logentry", "pk": 89, "fields": {"action_time": "2017-10-23T21:41:25.158Z", "user": 1, "content_type": 12, "object_id": "47", "object_repr": "cygogyovyovv", "action_flag": 1, "change_message": "[{\"added\": {}}]"}}, {"model": "admin.logentry", "pk": 90, "fields": {"action_time": "2017-10-23T21:41:36.378Z", "user": 1, "content_type": 12, "object_id": "48", "object_repr": "ccovovovv", "action_flag": 1, "change_message": "[{\"added\": {}}]"}}, {"model": "admin.logentry", "pk": 91, "fields": {"action_time": "2017-10-23T21:41:50.849Z", "user": 1, "content_type": 12, "object_id": "49", "object_repr": "cococo", "action_flag": 1, "change_message": "[{\"added\": {}}]"}}, {"model": "admin.logentry", "pk": 92, "fields": {"action_time": "2017-10-23T21:42:05.760Z", "user": 1, "content_type": 12, "object_id": "50", "object_repr": "gggggyggy", "action_flag": 1, "change_message": "[{\"added\": {}}]"}}, {"model": "admin.logentry", "pk": 93, "fields": {"action_time": "2017-10-23T21:42:19.046Z", "user": 1, "content_type": 12, "object_id": "51", "object_repr": "cococp", "action_flag": 1, "change_message": "[{\"added\": {}}]"}}, {"model": "admin.logentry", "pk": 94, "fields": {"action_time": "2017-10-23T21:42:39.216Z", "user": 1, "content_type": 12, "object_id": "52", "object_repr": "xiixicfcfc", "action_flag": 1, "change_message": "[{\"added\": {}}]"}}, {"model": "admin.logentry", "pk": 95, "fields": {"action_time": "2017-10-24T19:00:41.658Z", "user": 1, "content_type": 12, "object_id": "23", "object_repr": "vbeeiie", "action_flag": 2, "change_message": "[{\"changed\": {\"fields\": [\"sender_deleted\"]}}]"}}, {"model": "admin.logentry", "pk": 96, "fields": {"action_time": "2017-10-24T19:00:57.045Z", "user": 1, "content_type": 12, "object_id": "51", "object_repr": "cococp", "action_flag": 2, "change_message": "[{\"changed\": {\"fields\": [\"sender_deleted\"]}}]"}}, {"model": "admin.logentry", "pk": 97, "fields": {"action_time": "2017-10-24T19:01:25.052Z", "user": 1, "content_type": 12, "object_id": "47", "object_repr": "cygogyovyovv", "action_flag": 2, "change_message": "[{\"changed\": {\"fields\": [\"sender_deleted\"]}}]"}}, {"model": "admin.logentry", "pk": 98, "fields": {"action_time": "2017-10-24T19:01:42.302Z", "user": 1, "content_type": 12, "object_id": "45", "object_repr": "cogubooubb", "action_flag": 2, "change_message": "[{\"changed\": {\"fields\": [\"receiver_deleted\"]}}]"}}, {"model": "admin.logentry", "pk": 99, "fields": {"action_time": "2017-10-24T19:02:08.899Z", "user": 1, "content_type": 12, "object_id": "42", "object_repr": "boijjijijijijijjii", "action_flag": 2, "change_message": "[{\"changed\": {\"fields\": [\"receiver_deleted\"]}}]"}}, {"model": "admin.logentry", "pk": 100, "fields": {"action_time": "2017-10-24T19:02:37.731Z", "user": 1, "content_type": 12, "object_id": "39", "object_repr": "bohoijoijoijij", "action_flag": 2, "change_message": "[{\"changed\": {\"fields\": [\"sender_deleted\"]}}]"}}, {"model": "admin.logentry", "pk": 101, "fields": {"action_time": "2017-10-24T19:03:32.180Z", "user": 1, "content_type": 12, "object_id": "31", "object_repr": "bfoihfoih", "action_flag": 2, "change_message": "[{\"changed\": {\"fields\": [\"sender_deleted\"]}}]"}}, {"model": "admin.logentry", "pk": 102, "fields": {"action_time": "2017-10-24T19:03:49.308Z", "user": 1, "content_type": 12, "object_id": "29", "object_repr": "ofgehgoirhgoeigho", "action_flag": 2, "change_message": "[{\"changed\": {\"fields\": [\"sender_deleted\"]}}]"}}, {"model": "admin.logentry", "pk": 103, "fields": {"action_time": "2017-10-24T19:04:08.110Z", "user": 1, "content_type": 12, "object_id": "27", "object_repr": "hhogifhg", "action_flag": 2, "change_message": "[{\"changed\": {\"fields\": [\"sender_deleted\"]}}]"}}, {"model": "admin.logentry", "pk": 104, "fields": {"action_time": "2017-10-24T19:05:27.526Z", "user": 1, "content_type": 12, "object_id": "17", "object_repr": "akjdfkjh", "action_flag": 2, "change_message": "[{\"changed\": {\"fields\": [\"receiver_deleted\"]}}]"}}, {"model": "admin.logentry", "pk": 105, "fields": {"action_time": "2017-10-24T19:06:56.300Z", "user": 1, "content_type": 12, "object_id": "5", "object_repr": "interested in a meetup?", "action_flag": 2, "change_message": "[{\"changed\": {\"fields\": [\"receiver_deleted\"]}}]"}}, {"model": "admin.logentry", "pk": 106, "fields": {"action_time": "2017-10-24T19:07:31.548Z", "user": 1, "content_type": 12, "object_id": "53", "object_repr": "viug", "action_flag": 1, "change_message": "[{\"added\": {}}]"}}, {"model": "admin.logentry", "pk": 107, "fields": {"action_time": "2017-10-24T19:07:43.471Z", "user": 1, "content_type": 12, "object_id": "54", "object_repr": "uutd", "action_flag": 1, "change_message": "[{\"added\": {}}]"}}, {"model": "admin.logentry", "pk": 108, "fields": {"action_time": "2017-10-24T19:08:00.800Z", "user": 1, "content_type": 12, "object_id": "55", "object_repr": "irtdivytvdy", "action_flag": 1, "change_message": "[{\"added\": {}}]"}}, {"model": "admin.logentry", "pk": 109, "fields": {"action_time": "2017-10-24T19:08:12.296Z", "user": 1, "content_type": 12, "object_id": "56", "object_repr": "iytd i", "action_flag": 1, "change_message": "[{\"added\": {}}]"}}, {"model": "admin.logentry", "pk": 110, "fields": {"action_time": "2017-10-24T19:08:28.995Z", "user": 1, "content_type": 12, "object_id": "57", "object_repr": "xitfo yooyoboyuf", "action_flag": 1, "change_message": "[{\"added\": {}}]"}}, {"model": "admin.logentry", "pk": 111, "fields": {"action_time": "2017-10-24T19:08:50.392Z", "user": 1, "content_type": 12, "object_id": "58", "object_repr": "ysiytdic ifytdtx", "action_flag": 1, "change_message": "[{\"added\": {}}]"}}, {"model": "admin.logentry", "pk": 112, "fields": {"action_time": "2017-10-24T19:09:06.078Z", "user": 1, "content_type": 12, "object_id": "59", "object_repr": "ztii ir ird", "action_flag": 1, "change_message": "[{\"added\": {}}]"}}, {"model": "admin.logentry", "pk": 113, "fields": {"action_time": "2017-10-24T19:09:18.958Z", "user": 1, "content_type": 12, "object_id": "60", "object_repr": "tydoyo tydyd", "action_flag": 1, "change_message": "[{\"added\": {}}]"}}, {"model": "admin.logentry", "pk": 114, "fields": {"action_time": "2017-10-24T19:09:34.469Z", "user": 1, "content_type": 12, "object_id": "61", "object_repr": "utdodt oytd", "action_flag": 1, "change_message": "[{\"added\": {}}]"}}, {"model": "admin.logentry", "pk": 115, "fields": {"action_time": "2017-10-24T19:09:46.368Z", "user": 1, "content_type": 12, "object_id": "62", "object_repr": "gtdo otd", "action_flag": 1, "change_message": "[{\"added\": {}}]"}}, {"model": "admin.logentry", "pk": 116, "fields": {"action_time": "2017-10-24T19:10:00.536Z", "user": 1, "content_type": 12, "object_id": "63", "object_repr": "tdotd tdot t", "action_flag": 1, "change_message": "[{\"added\": {}}]"}}, {"model": "admin.logentry", "pk": 117, "fields": {"action_time": "2017-11-02T21:07:45.421Z", "user": 1, "content_type": 4, "object_id": "33", "object_repr": "no_email", "action_flag": 3, "change_message": ""}}, {"model": "admin.logentry", "pk": 118, "fields": {"action_time": "2017-11-23T01:53:06.320Z", "user": 1, "content_type": 14, "object_id": "3", "object_repr": "windy passage", "action_flag": 3, "change_message": ""}}, {"model": "admin.logentry", "pk": 119, "fields": {"action_time": "2017-11-23T01:53:06.488Z", "user": 1, "content_type": 14, "object_id": "2", "object_repr": "windy passage", "action_flag": 3, "change_message": ""}}, {"model": "admin.logentry", "pk": 120, "fields": {"action_time": "2017-11-23T01:53:06.492Z", "user": 1, "content_type": 14, "object_id": "1", "object_repr": "windy passage", "action_flag": 3, "change_message": ""}}, {"model": "admin.logentry", "pk": 121, "fields": {"action_time": "2017-11-23T01:59:07.938Z", "user": 1, "content_type": 14, "object_id": "6", "object_repr": "trio ACE!", "action_flag": 3, "change_message": ""}}, {"model": "admin.logentry", "pk": 122, "fields": {"action_time": "2017-11-23T01:59:07.956Z", "user": 1, "content_type": 14, "object_id": "5", "object_repr": "trio ACE!", "action_flag": 3, "change_message": ""}}, {"model": "admin.logentry", "pk": 123, "fields": {"action_time": "2017-11-23T01:59:07.960Z", "user": 1, "content_type": 14, "object_id": "4", "object_repr": "trio ACE!", "action_flag": 3, "change_message": ""}}, {"model": "admin.logentry", "pk": 124, "fields": {"action_time": "2017-11-23T02:05:47.675Z", "user": 1, "content_type": 14, "object_id": "9", "object_repr": "'sno joke", "action_flag": 3, "change_message": ""}}, {"model": "admin.logentry", "pk": 125, "fields": {"action_time": "2017-11-23T02:05:47.694Z", "user": 1, "content_type": 14, "object_id": "8", "object_repr": "'sno joke", "action_flag": 3, "change_message": ""}}, {"model": "admin.logentry", "pk": 126, "fields": {"action_time": "2017-11-23T02:05:47.697Z", "user": 1, "content_type": 14, "object_id": "7", "object_repr": "'sno joke", "action_flag": 3, "change_message": ""}}, {"model": "admin.logentry", "pk": 127, "fields": {"action_time": "2017-11-23T20:01:21.946Z", "user": 1, "content_type": 14, "object_id": "15", "object_repr": "some group", "action_flag": 3, "change_message": ""}}, {"model": "admin.logentry", "pk": 128, "fields": {"action_time": "2017-11-23T20:01:29.783Z", "user": 1, "content_type": 14, "object_id": "14", "object_repr": "some group", "action_flag": 3, "change_message": ""}}, {"model": "admin.logentry", "pk": 129, "fields": {"action_time": "2017-11-23T20:01:47.141Z", "user": 1, "content_type": 14, "object_id": "13", "object_repr": "some group", "action_flag": 3, "change_message": ""}}, {"model": "admin.logentry", "pk": 130, "fields": {"action_time": "2017-11-23T20:02:26.136Z", "user": 1, "content_type": 14, "object_id": "12", "object_repr": "some group", "action_flag": 3, "change_message": ""}}, {"model": "admin.logentry", "pk": 131, "fields": {"action_time": "2017-11-23T20:02:38.931Z", "user": 1, "content_type": 14, "object_id": "11", "object_repr": "some group", "action_flag": 3, "change_message": ""}}, {"model": "admin.logentry", "pk": 132, "fields": {"action_time": "2017-11-23T20:02:47.788Z", "user": 1, "content_type": 14, "object_id": "10", "object_repr": "some group", "action_flag": 3, "change_message": ""}}, {"model": "admin.logentry", "pk": 133, "fields": {"action_time": "2017-11-23T21:41:29.288Z", "user": 1, "content_type": 14, "object_id": "25", "object_repr": "daffodils!", "action_flag": 3, "change_message": ""}}, {"model": "admin.logentry", "pk": 134, "fields": {"action_time": "2017-11-23T21:41:29.325Z", "user": 1, "content_type": 14, "object_id": "23", "object_repr": "some other group", "action_flag": 3, "change_message": ""}}, {"model": "admin.logentry", "pk": 135, "fields": {"action_time": "2017-11-24T00:00:53.937Z", "user": 1, "content_type": 14, "object_id": "26", "object_repr": "daffodils!", "action_flag": 3, "change_message": ""}}, {"model": "admin.logentry", "pk": 136, "fields": {"action_time": "2017-11-24T00:00:53.981Z", "user": 1, "content_type": 14, "object_id": "16", "object_repr": "some group", "action_flag": 3, "change_message": ""}}, {"model": "admin.logentry", "pk": 137, "fields": {"action_time": "2017-11-24T00:03:48.350Z", "user": 1, "content_type": 14, "object_id": "27", "object_repr": "daffodil trio!", "action_flag": 3, "change_message": ""}}, {"model": "admin.logentry", "pk": 138, "fields": {"action_time": "2017-11-26T13:43:18.171Z", "user": 1, "content_type": 14, "object_id": "31", "object_repr": "multitasking!", "action_flag": 3, "change_message": ""}}, {"model": "admin.logentry", "pk": 139, "fields": {"action_time": "2017-11-26T13:46:16.026Z", "user": 1, "content_type": 14, "object_id": "33", "object_repr": "multitasking!", "action_flag": 3, "change_message": ""}}, {"model": "admin.logentry", "pk": 140, "fields": {"action_time": "2017-11-26T13:48:15.517Z", "user": 1, "content_type": 14, "object_id": "35", "object_repr": "multitasking!", "action_flag": 3, "change_message": ""}}, {"model": "admin.logentry", "pk": 141, "fields": {"action_time": "2017-11-26T13:50:24.529Z", "user": 1, "content_type": 14, "object_id": "36", "object_repr": "multitasking!", "action_flag": 3, "change_message": ""}}, {"model": "admin.logentry", "pk": 142, "fields": {"action_time": "2017-11-26T14:02:34.750Z", "user": 1, "content_type": 14, "object_id": "37", "object_repr": "multitasking!", "action_flag": 3, "change_message": ""}}, {"model": "admin.logentry", "pk": 143, "fields": {"action_time": "2017-11-26T14:04:36.088Z", "user": 1, "content_type": 14, "object_id": "38", "object_repr": "multitasking!", "action_flag": 3, "change_message": ""}}, {"model": "admin.logentry", "pk": 144, "fields": {"action_time": "2017-11-26T14:08:32.934Z", "user": 1, "content_type": 14, "object_id": "39", "object_repr": "multitasking!", "action_flag": 3, "change_message": ""}}, {"model": "admin.logentry", "pk": 145, "fields": {"action_time": "2017-11-26T19:43:39.205Z", "user": 1, "content_type": 15, "object_id": "15", "object_repr": "likes_everything to play cello for multitasking!", "action_flag": 3, "change_message": ""}}, {"model": "admin.logentry", "pk": 146, "fields": {"action_time": "2017-11-26T19:43:39.247Z", "user": 1, "content_type": 15, "object_id": "14", "object_repr": "likes_everything to play violin for multitasking!", "action_flag": 3, "change_message": ""}}, {"model": "admin.logentry", "pk": 147, "fields": {"action_time": "2017-11-26T20:13:31.343Z", "user": 1, "content_type": 15, "object_id": "19", "object_repr": "viola_joke to play viola for test on duplicates", "action_flag": 3, "change_message": ""}}, {"model": "admin.logentry", "pk": 148, "fields": {"action_time": "2017-11-29T00:37:42.129Z", "user": 1, "content_type": 17, "object_id": "1", "object_repr": "just thought I should ask...\r\n", "action_flag": 3, "change_message": ""}}, {"model": "admin.logentry", "pk": 149, "fields": {"action_time": "2017-11-29T00:39:33.152Z", "user": 1, "content_type": 17, "object_id": "2", "object_repr": "Now let's make music together ", "action_flag": 3, "change_message": ""}}, {"model": "admin.logentry", "pk": 150, "fields": {"action_time": "2017-11-29T00:39:46.473Z", "user": 1, "content_type": 16, "object_id": "5", "object_repr": "thanks for the invite!", "action_flag": 3, "change_message": ""}}, {"model": "admin.logentry", "pk": 151, "fields": {"action_time": "2017-11-29T00:39:46.497Z", "user": 1, "content_type": 16, "object_id": "4", "object_repr": "thanks for the invite!", "action_flag": 3, "change_message": ""}}, {"model": "admin.logentry", "pk": 152, "fields": {"action_time": "2017-11-29T00:39:46.501Z", "user": 1, "content_type": 16, "object_id": "1", "object_repr": "how is everyone?", "action_flag": 3, "change_message": ""}}, {"model": "admin.logentry", "pk": 153, "fields": {"action_time": "2017-12-03T20:44:51.468Z", "user": 1, "content_type": 9, "object_id": "101", "object_repr": "person_10", "action_flag": 2, "change_message": "[{\"changed\": {\"fields\": [\"description\"]}}]"}}, {"model": "admin.logentry", "pk": 154, "fields": {"action_time": "2017-12-03T20:45:03.785Z", "user": 1, "content_type": 9, "object_id": "100", "object_repr": "person_9", "action_flag": 2, "change_message": "[{\"changed\": {\"fields\": [\"description\"]}}]"}}, {"model": "admin.logentry", "pk": 155, "fields": {"action_time": "2017-12-03T20:45:11.981Z", "user": 1, "content_type": 9, "object_id": "99", "object_repr": "person_8", "action_flag": 2, "change_message": "[{\"changed\": {\"fields\": [\"description\"]}}]"}}, {"model": "admin.logentry", "pk": 156, "fields": {"action_time": "2017-12-03T20:45:20.018Z", "user": 1, "content_type": 9, "object_id": "98", "object_repr": "person_7", "action_flag": 2, "change_message": "[{\"changed\": {\"fields\": [\"description\"]}}]"}}, {"model": "admin.logentry", "pk": 157, "fields": {"action_time": "2017-12-03T20:45:31.764Z", "user": 1, "content_type": 9, "object_id": "97", "object_repr": "person_6", "action_flag": 2, "change_message": "[{\"changed\": {\"fields\": [\"description\"]}}]"}}, {"model": "admin.logentry", "pk": 158, "fields": {"action_time": "2017-12-03T20:45:40.829Z", "user": 1, "content_type": 9, "object_id": "96", "object_repr": "person_5", "action_flag": 2, "change_message": "[{\"changed\": {\"fields\": [\"description\"]}}]"}}, {"model": "admin.logentry", "pk": 159, "fields": {"action_time": "2017-12-03T20:45:51.293Z", "user": 1, "content_type": 9, "object_id": "95", "object_repr": "person_4", "action_flag": 2, "change_message": "[{\"changed\": {\"fields\": [\"description\"]}}]"}}, {"model": "admin.logentry", "pk": 160, "fields": {"action_time": "2017-12-03T20:46:01.736Z", "user": 1, "content_type": 9, "object_id": "94", "object_repr": "person_3", "action_flag": 2, "change_message": "[{\"changed\": {\"fields\": [\"description\"]}}]"}}, {"model": "admin.logentry", "pk": 161, "fields": {"action_time": "2017-12-03T20:46:09.146Z", "user": 1, "content_type": 9, "object_id": "93", "object_repr": "person_2", "action_flag": 2, "change_message": "[{\"changed\": {\"fields\": [\"description\"]}}]"}}, {"model": "admin.logentry", "pk": 162, "fields": {"action_time": "2017-12-03T20:46:17.536Z", "user": 1, "content_type": 9, "object_id": "92", "object_repr": "person", "action_flag": 2, "change_message": "[{\"changed\": {\"fields\": [\"description\"]}}]"}}, {"model": "admin.logentry", "pk": 163, "fields": {"action_time": "2017-12-03T20:46:41.598Z", "user": 1, "content_type": 9, "object_id": "89", "object_repr": "thing", "action_flag": 2, "change_message": "[{\"changed\": {\"fields\": [\"description\"]}}]"}}, {"model": "admin.logentry", "pk": 164, "fields": {"action_time": "2017-12-03T20:46:52.777Z", "user": 1, "content_type": 9, "object_id": "85", "object_repr": "just_a_guy", "action_flag": 2, "change_message": "[{\"changed\": {\"fields\": [\"description\"]}}]"}}, {"model": "admin.logentry", "pk": 165, "fields": {"action_time": "2017-12-03T20:47:30.296Z", "user": 1, "content_type": 9, "object_id": "80", "object_repr": "likes_everything", "action_flag": 2, "change_message": "[{\"changed\": {\"fields\": [\"description\"]}}]"}}, {"model": "admin.logentry", "pk": 166, "fields": {"action_time": "2017-12-03T20:47:58.123Z", "user": 1, "content_type": 9, "object_id": "74", "object_repr": "middleman", "action_flag": 2, "change_message": "[{\"changed\": {\"fields\": [\"description\"]}}]"}}, {"model": "admin.logentry", "pk": 167, "fields": {"action_time": "2017-12-03T20:48:25.918Z", "user": 1, "content_type": 9, "object_id": "72", "object_repr": "west_midland_guy", "action_flag": 2, "change_message": "[{\"changed\": {\"fields\": [\"description\"]}}]"}}, {"model": "admin.logentry", "pk": 168, "fields": {"action_time": "2017-12-03T20:49:00.637Z", "user": 1, "content_type": 9, "object_id": "71", "object_repr": "another_welsh", "action_flag": 2, "change_message": "[{\"changed\": {\"fields\": [\"description\"]}}]"}}, {"model": "admin.logentry", "pk": 169, "fields": {"action_time": "2017-12-03T20:49:39.637Z", "user": 1, "content_type": 9, "object_id": "42", "object_repr": "viola_joke", "action_flag": 2, "change_message": "[{\"changed\": {\"fields\": [\"description\"]}}]"}}, {"model": "admin.logentry", "pk": 170, "fields": {"action_time": "2017-12-03T20:50:52.609Z", "user": 1, "content_type": 9, "object_id": "30", "object_repr": "robinz", "action_flag": 2, "change_message": "[{\"changed\": {\"fields\": [\"description\"]}}]"}}, {"model": "admin.logentry", "pk": 171, "fields": {"action_time": "2017-12-03T20:51:34.439Z", "user": 1, "content_type": 9, "object_id": "6", "object_repr": "lucy", "action_flag": 2, "change_message": "[{\"changed\": {\"fields\": [\"description\"]}}]"}}, {"model": "admin.logentry", "pk": 172, "fields": {"action_time": "2017-12-03T20:52:23.464Z", "user": 1, "content_type": 9, "object_id": "5", "object_repr": "someone", "action_flag": 2, "change_message": "[{\"changed\": {\"fields\": [\"description\"]}}]"}}, {"model": "admin.logentry", "pk": 173, "fields": {"action_time": "2017-12-03T20:54:27.699Z", "user": 1, "content_type": 14, "object_id": "45", "object_repr": "thingummy", "action_flag": 2, "change_message": "[{\"changed\": {\"fields\": [\"description\"]}}]"}}, {"model": "admin.logentry", "pk": 174, "fields": {"action_time": "2017-12-03T20:54:38.011Z", "user": 1, "content_type": 14, "object_id": "44", "object_repr": "people", "action_flag": 2, "change_message": "[{\"changed\": {\"fields\": [\"description\"]}}]"}}, {"model": "admin.logentry", "pk": 175, "fields": {"action_time": "2017-12-03T20:55:05.655Z", "user": 1, "content_type": 14, "object_id": "43", "object_repr": "you like everything, right? ;)", "action_flag": 2, "change_message": "[{\"changed\": {\"fields\": [\"description\"]}}]"}}, {"model": "admin.logentry", "pk": 176, "fields": {"action_time": "2017-12-03T20:55:15.511Z", "user": 1, "content_type": 14, "object_id": "42", "object_repr": "Cool!", "action_flag": 2, "change_message": "[{\"changed\": {\"fields\": [\"description\"]}}]"}}, {"model": "admin.logentry", "pk": 177, "fields": {"action_time": "2017-12-03T20:55:45.931Z", "user": 1, "content_type": 14, "object_id": "41", "object_repr": "test on duplicates", "action_flag": 2, "change_message": "[{\"changed\": {\"fields\": [\"description\"]}}]"}}, {"model": "admin.logentry", "pk": 178, "fields": {"action_time": "2017-12-03T20:55:52.550Z", "user": 1, "content_type": 14, "object_id": "40", "object_repr": "multitasking!", "action_flag": 2, "change_message": "[{\"changed\": {\"fields\": [\"description\"]}}]"}}, {"model": "admin.logentry", "pk": 179, "fields": {"action_time": "2017-12-03T20:56:47.715Z", "user": 1, "content_type": 14, "object_id": "30", "object_repr": "daffodil trio!", "action_flag": 2, "change_message": "[{\"changed\": {\"fields\": [\"description\"]}}]"}}]